업체명,노선번호,노선유형,정류소명,정류소ID,전체 승차 건수,초승 건수,환승 건수,전체 하차 건수,하차 건수,미태그 건수,lon,lat
수원여객,7_1,일반형시내버스,광교공원.경기대수원캠퍼스입구,200000006,7748,7072,676,6202,6202,0,127.0294636,37.30001394
수원여객,64,일반형시내버스,KT수원지사.국민연금북수원지사,200000037,3651,1671,1980,1933,1933,0,127.0115668,37.29269555
수원여객,92,일반형시내버스,정자사거리,200000038,2825,2678,147,1609,1609,0,127.0028919,37.29100672
수원여객,92,일반형시내버스,정자2동주민센터.수성고등학교,200000039,3298,3191,107,1121,1121,0,127.0005372,37.29400873
수원여객,92,일반형시내버스,도체육회관.대림e_편한세상,200000040,1415,1284,131,509,509,0,126.9988903,37.29610431
수원여객,64,일반형시내버스,이목동.장안STX칸,200000041,143,109,34,768,768,0,126.9839895,37.31558514
수원여객,64,일반형시내버스,이목동.장안힐스테이트,200000042,37,32,5,720,720,0,126.9853388,37.31403084
수원여객,92,일반형시내버스,도체육회관.대림e_편한세상,200000043,232,207,25,878,878,0,126.9989277,37.29640117
수원여객,92,일반형시내버스,정자2동주민센터,200000044,901,867,34,2001,2001,0,127.00036570000002,37.29457083
수원여객,92,일반형시내버스,정자사거리.수성고등학교,200000045,1303,1229,74,2980,2980,0,127.0022851,37.2921204
용남고속,4_1,일반형시내버스,조원뉴타운,200000047,4534,4467,67,5131,5131,0,127.018224,37.30452302
용남고속,19,일반형시내버스,조원1동,200000049,1308,1211,97,4030,4030,0,127.0143029,37.30229112
용남고속,19,일반형시내버스,조원시장입구,200000051,1464,1412,52,8806,8806,0,127.0179856,37.29926114
용남고속,19,일반형시내버스,벽산아파트,200000052,545,399,146,3647,3647,0,127.02052,37.2970896
용남고속,4_1,일반형시내버스,수성중학교,200000053,341,275,66,1700,1700,0,127.0133993,37.29394768
용남고속,4_1,일반형시내버스,수성중학교,200000054,1661,1621,40,865,865,0,127.0132753,37.29416394
용남고속,4_1,일반형시내버스,벽산아파트,200000055,1620,1553,67,603,603,0,127.0201554,37.29666792
용남고속,19,일반형시내버스,조원시장입구,200000056,11204,10974,230,1193,1193,0,127.0175138,37.29951247
용남고속,19,일반형시내버스,조원동,200000058,6666,6527,139,1114,1114,0,127.0141788,37.30212895
용남고속,4_1,일반형시내버스,조원2동주민센터,200000059,3675,3616,59,108,108,0,127.0121183,37.30465059
수원여객,98,일반형시내버스,수성중사거리,200000063,1020,962,58,1996,1996,0,127.0097789,37.29272259
수원여객,98,일반형시내버스,상공회의소,200000064,5158,4626,532,6255,6255,0,127.0049632,37.29108295
수원여객,98,일반형시내버스,상공회의소.수성고교,200000065,4449,4135,314,4033,4033,0,127.0056399,37.2915875
수원여객,98,일반형시내버스,수성중사거리,200000066,4704,3430,1274,3306,3306,0,127.0097226,37.29294785
수원여객,7_2,일반형시내버스,수원시평생학습관.연무사회복지관.창룡도서관,200000084,501,447,54,205,205,0,127.0269118,37.29158925
용남고속,37,일반형시내버스,광교공원.경기대수원캠퍼스입구,200000087,5,5,0,1060,1060,0,127.0295586,37.29978041
수원여객,92,일반형시내버스,화서역.화서주공3단지,200000088,3754,2692,1062,11530,11530,0,126.99145190000002,37.28672389
수원여객,7,일반형시내버스,삼환나우빌아파트,200000089,1668,1583,85,941,941,0,126.99027959999998,37.29311879
수원여객,7,일반형시내버스,풍림아파트,200000090,1472,1293,179,560,560,0,126.9920636,37.29886868
수원여객,7,일반형시내버스,풍림아파트,200000091,522,329,193,1777,1777,0,126.9920721,37.29861523
수원여객,7,일반형시내버스,삼환나우빌아파트,200000092,422,387,35,1904,1904,0,126.990824,37.29307323
수원여객,64,일반형시내버스,KT수원지사.국민연금북수원지사,200000093,10223,4911,5312,14352,14352,0,127.011444,37.29239115
수원여객,64,일반형시내버스,동원고교.해우재입구,200000094,275,208,67,668,668,0,126.9839585,37.31695925
수원여객,92,일반형시내버스,정자종합시장,200000095,10695,9514,1181,11125,11125,0,127.0010387,37.28976749
수원여객,7,일반형시내버스,정자3동주민센터.정자동중심상가,200000096,10460,9332,1128,4641,4641,0,126.9932534,37.2949367
수원여객,92_1,일반형시내버스,대평중학교,200000097,917,770,147,1446,1446,0,126.9904918,37.29798061
수원여객,92_1,일반형시내버스,동남보건대학,200000098,1123,1013,110,822,822,0,126.9874808,37.29659578
수원여객,92_1,일반형시내버스,우방아파트.한화아파트.SK아파트,200000099,315,295,20,2357,2357,0,126.9845837,37.29569506
수원여객,92_1,일반형시내버스,장안등기소.성우아파트,200000100,4123,3688,435,1470,1470,0,126.9833655,37.29643373
수원여객,92_1,일반형시내버스,천천중학교,200000101,1305,1238,67,753,753,0,126.9821269,37.29915071
수원여객,92_1,일반형시내버스,샘내현대아파트,200000102,1210,1175,35,898,898,0,126.9800237,37.30251722
수원여객,92_1,일반형시내버스,신안아파트,200000103,1203,1078,125,596,596,0,126.9757053,37.30275753
수원여객,92_1,일반형시내버스,천일초교,200000105,457,438,19,2231,2231,0,126.9779733,37.30007294
수원여객,92_1,일반형시내버스,천천초교.천천고교,200000106,898,873,25,1499,1499,0,126.9824653,37.2990374
수원여객,92_1,일반형시내버스,장안등기소.성우아파트,200000107,1436,1266,170,2706,2706,0,126.9836813,37.2964518
수원여객,92_1,일반형시내버스,우방아파트.한화아파트.SK아파트,200000108,906,845,61,296,296,0,126.9847304,37.29548785
수원여객,92_1,일반형시내버스,동남보건대학,200000109,1149,1097,52,1119,1119,0,126.9872903,37.29679468
수원여객,92_1,일반형시내버스,대평중학교,200000110,402,343,59,1113,1113,0,126.9901225,37.29816563
수원여객,7,일반형시내버스,정자3동주민센터.정자동중심상가,200000111,7075,6204,871,11580,11580,0,126.9934115,37.29540115
수원여객,98,일반형시내버스,장안고등학교,200000112,250,235,15,1249,1249,0,126.9949955,37.29274406
수원여객,98,일반형시내버스,경기도립수원의료원.두견마을,200000113,403,382,21,833,833,0,126.9965383,37.29016953
수원여객,92,일반형시내버스,두견마을,200000114,6939,6408,531,5310,5310,0,126.99834640000002,37.28924083
수원여객,92,일반형시내버스,정자종합시장,200000115,12363,10945,1418,7934,7934,0,127.0013544,37.29012791
수원여객,64,일반형시내버스,동신아파트,200000116,5171,4714,457,485,485,0,126.9941568,37.30229582
수원여객,64,일반형시내버스,북수원시장.효자문사거리,200000117,2277,2047,230,254,254,0,126.9909379,37.30632476
수원여객,64,일반형시내버스,파장초등학교.SKC,200000118,20,13,7,1172,1172,0,126.9898138,37.30795648
수원여객,64,일반형시내버스,동남아파트.북수원시장,200000119,167,138,29,2383,2383,0,126.9917157,37.30574487
수원여객,64,일반형시내버스,동신아파트,200000120,792,751,41,3706,3706,0,126.9941744,37.3026758
수원여객,92,일반형시내버스,만석공원.정자초교.벽산아파트,200000123,1451,840,611,601,601,0,126.9963585,37.29940106
수원여객,64,일반형시내버스,SK스카이뷰.SK아트리움,200000127,5177,3632,1545,80,80,0,126.9883081,37.30937572
수원여객,92,일반형시내버스,이목동입구,200000128,446,430,16,23,23,0,126.9862637,37.31391836
수원여객,64,일반형시내버스,SK스카이뷰.SK아트리움,200000130,144,116,28,3300,3300,0,126.9887428,37.30920861
수원여객,92,일반형시내버스,만석공원.정자초교.벽산아파트,200000135,379,137,242,2706,2706,0,126.9967305,37.29951846
수원여객,64,일반형시내버스,장안문,200000139,10590,3704,6886,8949,8949,0,127.0133536,37.29030752
수원여객,7_1,일반형시내버스,보훈원복지타운.보훈요양원,200000140,3382,3293,89,32,32,0,127.0268055,37.2984605
수원여객,7_1,일반형시내버스,보훈교육원,200000141,33,21,12,2702,2702,0,127.025788,37.2964386
수원여객,7_1,일반형시내버스,경기남부보훈지청.경기도교육청,200000142,236,76,160,3146,3146,0,127.0220384,37.29457722
수원여객,7_1,일반형시내버스,수원농생고.수원북중학교,200000143,188,73,115,2995,2995,0,127.0208203,37.29354023
수원여객,7_1,일반형시내버스,교육청사거리,200000144,341,258,83,2643,2643,0,127.01829340000002,37.29172154
수원여객,98,일반형시내버스,장안고등학교,200000147,1616,1587,29,245,245,0,126.9948277,37.29236355
수원여객,92,일반형시내버스,지지대교차로,200000148,224,195,29,154,154,0,126.9880308,37.31818518
용남고속,4_1,일반형시내버스,한일타운,200000157,46,28,18,3659,3659,0,127.012469,37.30450145
수원여객,98,일반형시내버스,이목동차고지,200000164,66,54,12,42,42,0,126.9894035,37.32156852
수원여객,98,일반형시내버스,이목동차고지.이목동입구,200000165,78,67,11,13,13,0,126.9890801,37.32168639
수원여객,7_1,일반형시내버스,장안문,200000166,1300,765,535,2637,2637,0,127.0158572,37.29016308
용남고속,19,일반형시내버스,연무시장입구.연무동문화센터,200000167,1069,1012,57,1105,1105,0,127.0261008,37.29321702
용남고속,19,일반형시내버스,연무시장입구.연무동문화센터,200000170,1545,1361,184,1131,1131,0,127.0260838,37.29344542
수원여객,7_1,일반형시내버스,장안문,200000177,2737,2223,514,1911,1911,0,127.0154387,37.29014117
수원여객,7_1,일반형시내버스,KB손해보험인재니움,200000178,4075,3906,169,593,593,0,127.0179438,37.29176664
수원여객,7_1,일반형시내버스,수원북중학교.수원농생고,200000179,4805,4466,339,187,187,0,127.0210909,37.29415389
수원여객,7_1,일반형시내버스,경기남부보훈지청.경기도교육청,200000180,1806,1685,121,147,147,0,127.0237303,37.29539685
수원여객,7_1,일반형시내버스,보훈교육원,200000181,3084,2961,123,70,70,0,127.0254373,37.29637483
수원여객,7_1,일반형시내버스,보훈원복지타운.보훈요양원,200000182,11,10,1,2522,2522,0,127.0271408,37.29861021
수원여객,7_1,일반형시내버스,장안공원,200000183,5776,4468,1308,5126,5126,0,127.0127396,37.28859857
수원여객,64,일반형시내버스,수원종합운동장.로얄팰리스.아너스빌위즈,200000184,1528,1210,318,988,988,0,127.0087164,37.29605867
수원여객,64,일반형시내버스,수원KT위즈파크.행정동우회관,200000185,1957,1665,292,2673,2673,0,127.0076593,37.29984085
수원여객,64,일반형시내버스,수원KT위즈파크,200000186,1951,1025,926,2303,2303,0,127.008732,37.30051772
수원여객,64,일반형시내버스,수원종합운동장.수원시체육회관.아너스빌위즈,200000187,1508,1241,267,2084,2084,0,127.0089197,37.29624895
수원여객,7_1,일반형시내버스,장안공원,200000189,4052,1906,2146,3062,3062,0,127.0130406,37.28850686
수원여객,7_1,일반형시내버스,화서문.장안공원,200000190,3697,3219,478,5709,5709,0,127.0090949,37.28617338
수원여객,7_2,일반형시내버스,우만주공4단지,200000197,3106,1831,1275,1893,1893,0,127.0304022,37.29247831
용남고속,4_1,일반형시내버스,영화공원,200000201,38,28,10,751,751,0,127.0191515,37.29604636
수원여객,7_1,일반형시내버스,한국은행,200000202,7848,7338,510,3076,3076,0,127.0094399,37.28664966
수원여객,7,일반형시내버스,세한교회,200000203,30,28,2,81,81,0,126.9804338,37.28450024
수원여객,92,일반형시내버스,화서역.화서주공3단지,200000204,14673,6303,8370,4776,4776,0,126.9920601,37.28663549
용남고속,4_1,일반형시내버스,조원고등학교,200000245,26,24,2,2155,2155,0,127.01533899999998,37.30575249
용남고속,4_1,일반형시내버스,조원고등학교,200000246,2421,2366,55,27,27,0,127.01473500000002,37.30619407
수원여객,80,일반형시내버스,연무동,200000247,5327,4796,531,11509,11509,0,127.0319494,37.29265914
수원여객,98,일반형시내버스,경기도립수원의료원.두견마을,200000266,744,730,14,236,236,0,126.9958059,37.29065938
용남고속,19,일반형시내버스,조원시장,200000278,1979,1706,273,8274,8274,0,127.0160506,37.30085638
용남고속,19,일반형시내버스,조원시장,200000279,5034,4877,157,952,952,0,127.0161232,37.30064551
수원여객,92_1,일반형시내버스,성균관대역.고용노동부경기지청.율전성당,200000285,6096,2052,4044,5904,5904,0,126.9731982,37.30152322
수원여객,98,일반형시내버스,파장동북부차고지,200000298,32,24,8,4,4,0,126.9886339,37.32026302
용남고속,19,일반형시내버스,장안구청,200000310,3144,2838,306,1415,1415,0,127.0112642,37.30342194
용남고속,19,일반형시내버스,장안구청,200000311,2441,2369,72,4192,4192,0,127.0111737,37.3037098
용남고속,19,일반형시내버스,경기남부보훈지청.경기도교육청,200000312,819,574,245,1137,1137,0,127.0220038,37.29623955
용남고속,19,일반형시내버스,수원북중후문.경기도교육청,200000313,1783,1584,199,1394,1394,0,127.02187279999998,37.2960828
수원여객,80,일반형시내버스,한마음외과,201000001,3007,2564,443,9580,9580,0,127.0208887,37.25477407
수원여객,81,일반형시내버스,세권사거리,201000002,1589,1480,109,2671,2671,0,127.0220781,37.25701997
수원여객,81,일반형시내버스,권선사거리.SK뷰아파트,201000003,2033,1907,126,2778,2778,0,127.0231476,37.2591432
수원여객,81,일반형시내버스,KT남수원지사,201000004,2138,1987,151,2145,2145,0,127.0241517,37.26115828
수원여객,81,일반형시내버스,KT남수원지사,201000005,2375,2104,271,3230,3230,0,127.0251345,37.26242609
수원여객,81,일반형시내버스,권선사거리.SK뷰아파트,201000006,2867,2738,129,2530,2530,0,127.0236702,37.25902893
수원여객,80,일반형시내버스,세권사거리,201000007,5020,4706,314,3931,3931,0,127.0219822,37.25581055
수원여객,80,일반형시내버스,한양아파트,201000008,5632,5426,206,1509,1509,0,127.02052659999998,37.25302643
수원여객,80,일반형시내버스,수원버스터미널,201000009,24098,20961,3137,8321,8321,0,127.0194909,37.25100107
수원여객,81,일반형시내버스,권선중학교,201000010,797,771,26,833,833,0,127.0183516,37.24901252
수원여객,81,일반형시내버스,공군관사,201000011,467,421,46,490,490,0,127.0178173,37.24290448
수원여객,81,일반형시내버스,권선동,201000012,191,181,10,214,214,0,127.0202195,37.23632562
수원여객,81,일반형시내버스,곡반정동입구,201000013,1946,1535,411,1668,1668,0,127.0217738,37.23336094
오산교통,46,일반형시내버스,공구유통타운.중앙자동차매매단지,201000020,84,71,13,106,106,0,126.9970998,37.25836862
용남고속,123A,맞춤형시내버스,중보들공원,201000021,103,100,3,8,8,0,126.99143329999998,37.24491639
용남고속,123D,맞춤형시내버스,서수원버스터미널,201000029,0,0,0,6,6,0,126.9707955,37.28331212
수원여객,92,일반형시내버스,구운오거리.경기중소기업성장지원센터,201000030,3490,1834,1656,7331,7331,0,126.9740892,37.28140041
수원여객,92,일반형시내버스,웃거리,201000031,2845,2286,559,6903,6903,0,126.9789285,37.27708423
수원여객,7,일반형시내버스,농촌진흥청,201000032,1967,778,1189,5087,5087,0,126.9844315,37.27366936
수원여객,7,일반형시내버스,농촌진흥청,201000033,4049,1505,2544,2325,2325,0,126.9842711,37.27339257
수원여객,92,일반형시내버스,웃거리,201000034,6262,5687,575,3913,3913,0,126.9788366,37.27673716
수원여객,92,일반형시내버스,구운오거리.경기중소기업성장지원센터,201000035,6667,6014,653,4289,4289,0,126.9742361,37.28093129
용남고속,123D,맞춤형시내버스,구운사거리.농수산물유통센터,201000036,0,0,0,3,3,0,126.9685959,37.28487933
수원여객,81,일반형시내버스,비상활주로.곡반정동입구,201000040,2410,859,1551,1773,1773,0,127.0214469,37.23301861
수원여객,81,일반형시내버스,공군관사,201000041,244,210,34,464,464,0,127.0173009,37.24286962
수원여객,81,일반형시내버스,권선중학교,201000042,750,538,212,1123,1123,0,127.0178134,37.24892357
수원여객,81,일반형시내버스,수원버스터미널,201000043,6080,5518,562,9167,9167,0,127.0190299,37.25123244
수원여객,82_1,일반형시내버스,신곡동,201000044,1528,1330,198,2764,2764,0,127.012492,37.2492085
수원여객,7_1,일반형시내버스,세류사거리,201000045,2165,1878,287,4262,4262,0,127.0099438,37.25439261
수원여객,7_1,일반형시내버스,새터마을,201000046,1936,1854,82,4734,4734,0,127.0085253,37.25512474
수원여객,7_1,일반형시내버스,세류중학교.아세아시멘트,201000047,970,897,73,3196,3196,0,127.0054013,37.25853316
수원여객,7_1,일반형시내버스,세류중학교.아세아시멘트,201000048,1338,1279,59,1060,1060,0,127.0056121,37.25867434
수원여객,7_1,일반형시내버스,새터마을,201000049,4017,3916,101,1262,1262,0,127.0086243,37.25569229999999
수원여객,7_1,일반형시내버스,세류사거리,201000050,4960,4271,689,2475,2475,0,127.0103201,37.25469051
수원여객,82_1,일반형시내버스,신곡동,201000051,2692,2491,201,1305,1305,0,127.012547,37.24977007
수원여객,82_1,일반형시내버스,세류역,201000052,10800,4213,6587,13791,13791,0,127.0147048,37.24442836
수원여객,80,일반형시내버스,권선시장앞,201000053,1279,1184,95,2067,2067,0,127.0238201,37.25586851
수원여객,80,일반형시내버스,권선아파트,201000054,947,889,58,4335,4335,0,127.0265732,37.25520919
수원여객,80,일반형시내버스,농수산물시장,201000055,908,810,98,2877,2877,0,127.029815,37.25675503
수원여객,80,일반형시내버스,농수산물시장,201000056,2558,2446,112,1379,1379,0,127.0301498,37.25699354
수원여객,80,일반형시내버스,곡선새마을금고.권선자이e편한세상,201000057,5181,5090,91,839,839,0,127.0260644,37.25514616
용남고속,123D,맞춤형시내버스,대명고등학교,201000077,570,79,491,47,47,0,126.9432293,37.29368584
오산교통,202,일반형시내버스,삼익아파트,201000082,1816,1577,239,1984,1984,0,127.0170275,37.26173352
오산교통,202,일반형시내버스,삼익아파트,201000088,724,625,99,2116,2116,0,127.0172895,37.2619841
수원여객,7,일반형시내버스,칠보중학교.칠보고등학교,201000099,158,145,13,1214,1214,0,126.9448396,37.27416047
수원여객,7,일반형시내버스,가온마을4단지.서수원칠보체육관,201000100,94,84,10,549,549,0,126.9473314,37.27394934
수원여객,64,일반형시내버스,세류사거리.세류2동주민센터,201000104,3953,3306,647,2747,2747,0,127.0114299,37.25474993
오산교통,202,일반형시내버스,수원가구거리,201000109,1614,1585,29,2047,2047,0,127.0275749,37.25912949
오산교통,202,일반형시내버스,수원가구거리,201000110,1700,1664,36,1997,1997,0,127.0274597,37.25887369
수원여객,64,일반형시내버스,세류3동주민센터.버드내노인복지회관,201000112,3919,3422,497,3588,3588,0,127.0128416,37.26023108
수원여객,64,일반형시내버스,매교역2번출구.성원아파트,201000113,205,177,28,539,539,0,127.015469,37.26476301
수원여객,64,일반형시내버스,세류3동주민센터.버드내노인복지회관,201000114,4860,4606,254,3178,3178,0,127.013146,37.26022204
용남고속,123D,맞춤형시내버스,서수원버스터미널,201000116,19,19,0,19,19,0,126.9708633,37.28290668
용남고속,3007,직행좌석형시내버스,수원아이파크시티.선일초교,201000118,9305,8553,752,1850,1850,0,127.0281,37.24749722
용남고속,123A,맞춤형시내버스,시립수원산업단지어린이집,201000119,153,150,3,468,468,0,126.9841963,37.24293956
용남고속,123A,맞춤형시내버스,경기도장애인복지지원센터누림,201000120,65,62,3,314,314,0,126.9712183,37.23898485
용남고속,123A,맞춤형시내버스,동아엘텍,201000121,70,56,14,561,561,0,126.9865977,37.24306528
용남고속,88,일반형시내버스,권선구청.한봄고등학교,201000125,619,496,123,373,373,0,126.9738658,37.2571992
용남고속,123A,맞춤형시내버스,경기도장애인복지지원센터누림,201000128,16,13,3,14,14,0,126.9715705,37.2389569
용남고속,123A,맞춤형시내버스,권선꿈에그린동문,201000129,174,168,6,359,359,0,126.976786,37.23608268
용남고속,123A,맞춤형시내버스,청구1차아파트,201000130,115,92,23,113,113,0,126.9692803,37.24022905
용남고속,88,일반형시내버스,서호중학교,201000131,326,307,19,282,282,0,126.9888478,37.26643075
용남고속,88,일반형시내버스,농업유전자원센터.경기도기숙사.수원유스호스텔,201000132,476,450,26,158,158,0,126.9837022,37.26448459
용남고속,88,일반형시내버스,경기상상캠퍼스.푸른지대,201000133,237,230,7,40,40,0,126.9812165,37.26596655
용남고속,88,일반형시내버스,탑동사거리,201000134,1877,1831,46,159,159,0,126.9797826,37.26894898
용남고속,88,일반형시내버스,탑골1길,201000135,3586,3504,82,183,183,0,126.9776221,37.26922154
용남고속,88,일반형시내버스,우방아파트,201000136,5020,4823,197,423,423,0,126.9747248,37.26868029999999
용남고속,88,일반형시내버스,우방아파트,201000137,514,423,91,3923,3923,0,126.9748713,37.26889658
용남고속,88,일반형시내버스,탑골1길,201000138,170,162,8,3705,3705,0,126.9772726,37.2693386
용남고속,88,일반형시내버스,탑동입구,201000139,242,228,14,2521,2521,0,126.9799217,37.26902349
용남고속,88,일반형시내버스,경기상상캠퍼스.푸른지대,201000140,11,10,1,570,570,0,126.9813536,37.26614096
용남고속,88,일반형시내버스,경기도기숙사.수원유스호스텔.농업유전자원센터,201000141,44,39,5,416,416,0,126.983631,37.26462196
용남고속,88,일반형시내버스,서호중학교,201000142,342,297,45,609,609,0,126.9886897,37.26656970000001
수원여객,80,일반형시내버스,곡반정동차고지,201000143,3992,2644,1348,684,684,0,127.022802,37.2343605
수원여객,80,일반형시내버스,축산물유통센터입구,201000144,18789,18499,290,1001,1001,0,127.0286852,37.2406862
용남고속,3007,직행좌석형시내버스,수원버스터미널,201000145,43,38,5,1863,1863,0,127.0204348,37.25123844
수원여객,7,일반형시내버스,칠보마을8단지.서수원칠보체육관,201000149,1690,1665,25,314,314,0,126.9470393,37.27379557
수원여객,7,일반형시내버스,칠보중학교.칠보고등학교,201000150,1634,1586,48,348,348,0,126.9448258,37.27398383
용남고속,123A,맞춤형시내버스,오목천주공아파트,201000151,82,51,31,32,32,0,126.9639223,37.240287
용남고속,123A,맞춤형시내버스,청구1차아파트,201000152,140,116,24,72,72,0,126.96800079999998,37.23999439999999
용남고속,123A,맞춤형시내버스,오목초등학교,201000153,23,15,8,80,80,0,126.96389270000002,37.24011303
수원여객,81,일반형시내버스,수원시청.수원일자리센터,201000156,9495,6963,2532,23675,23675,0,127.02858940000002,37.26229276
용남고속,88,일반형시내버스,서부경찰서.권선구청입구,201000157,59,6,53,624,624,0,126.9733881,37.25859672
용남고속,123A,맞춤형시내버스,오목천동삼거리.수원여대입구,201000163,65,52,13,24,24,0,126.9657522,37.24616236
오산교통,46,일반형시내버스,오목천동사거리,201000164,302,184,118,94,94,0,126.9636895,37.24495124
오산교통,46,일반형시내버스,영신여자고교,201000165,176,116,60,68,68,0,126.9630259,37.24204599
오산교통,46,일반형시내버스,영신여자고교.청구아파트,201000166,72,42,30,88,88,0,126.9628398,37.24202985
오산교통,46,일반형시내버스,오목천동사거리,201000167,86,57,29,197,197,0,126.9635762,37.24482476
오산교통,46,일반형시내버스,수원여대입구,201000168,34,21,13,147,147,0,126.9652656,37.24597449
수원여객,92,일반형시내버스,서둔동주민센터,201000170,347,274,73,625,625,0,126.985678,37.2722048
수원여객,7,일반형시내버스,구운중학교,201000171,1801,1647,154,544,544,0,126.976483,37.27557215
수원여객,7,일반형시내버스,탑동초등학교.삼성아파트,201000172,2177,2011,166,864,864,0,126.9746436,37.27525783
수원여객,7,일반형시내버스,구운동주민센터.서수원도서관,201000173,1423,1236,187,697,697,0,126.9705647,37.2742733
수원여객,7,일반형시내버스,칠보입구,201000174,45,42,3,98,98,0,126.9609362,37.27154871
용남고속,13_5,일반형시내버스,호매실GS아파트,201000175,2562,2517,45,505,505,0,126.9591049,37.26889832
용남고속,13_5,일반형시내버스,신미주아파트,201000176,1566,1525,41,468,468,0,126.9548379,37.26747575
용남고속,13_5,일반형시내버스,호매실쌍용아파트,201000177,726,709,17,276,276,0,126.9515969,37.26735829
수원여객,7,일반형시내버스,경기도건설본부.경기도동물위생시험소.칠보마을7단지,201000178,779,750,29,639,639,0,126.9405655,37.26754737
수원여객,7,일반형시내버스,LG빌리지1차.와이씨티칠보마을6단지아파트,201000179,856,813,43,720,720,0,126.9383614,37.27025084
수원여객,7,일반형시내버스,LG빌리지3차.모아미래도아파트,201000180,1480,1364,116,1481,1481,0,126.9380135,37.27387922
용남고속,123D,맞춤형시내버스,모아미래도아파트.가온마을3단지,201000181,180,169,11,1863,1863,0,126.9416396,37.27508085
용남고속,123D,맞춤형시내버스,당수동시민농장,201000182,57,55,2,180,180,0,126.9404088,37.2842368
용남고속,123D,맞춤형시내버스,당수동인정.한라.쌍용아파트,201000184,1,1,0,0,0,0,126.9408804,37.29189093
수원여객,7,일반형시내버스,구운동성원아파트.일월먹거리촌,201000186,8552,8183,369,5045,5045,0,126.9747539,37.28209669
수원여객,7,일반형시내버스,구운동삼환아파트,201000187,9711,9070,641,6893,6893,0,126.9789935,37.28311574
수원여객,7,일반형시내버스,구운동삼환아파트,201000188,5484,5043,441,9330,9330,0,126.9781767,37.28265336
수원여객,7,일반형시내버스,구운동강남아파트,201000189,5873,4925,948,5289,5289,0,126.9752614,37.28198868
수원여객,82_1,일반형시내버스,세류사거리,201000190,2674,1942,732,3505,3505,0,127.0113413,37.25216694
수원여객,64,일반형시내버스,수원순복음교회,201000191,1313,1281,32,1709,1709,0,127.0361514,37.24561665
수원여객,64,일반형시내버스,수원버스터미널,201000192,26389,21612,4777,26416,26416,0,127.0216746,37.24894553
수원여객,64,일반형시내버스,남수원초등학교,201000193,5309,4912,397,14139,14139,0,127.0166169,37.25076755
수원여객,64,일반형시내버스,세류2동주민센터,201000194,7898,6031,1867,10407,10407,0,127.012726,37.25289527
수원여객,64,일반형시내버스,세류2동주민센터,201000195,6445,6064,381,3447,3447,0,127.0124511,37.25355684
수원여객,64,일반형시내버스,남수원초등학교,201000196,10014,8801,1213,8044,8044,0,127.0168267,37.25116618
수원여객,64,일반형시내버스,수원버스터미널,201000197,16721,14982,1739,11463,11463,0,127.0197156,37.24979622
수원여객,64,일반형시내버스,이마트,201000198,13578,11628,1950,13242,13242,0,127.0229052,37.24907486
수원여객,64,일반형시내버스,선일초등학교,201000199,21475,16501,4974,26978,26978,0,127.0288936,37.24755833
수원여객,64,일반형시내버스,곡반초등학교,201000200,3949,3838,111,7262,7262,0,127.0366659,37.24599002
수원여객,82_1,일반형시내버스,세류2동.세류역환승주차장,201000201,640,284,356,686,686,0,127.0152893,37.2420174
수원여객,82_1,일반형시내버스,비행장입구.세류역,201000202,14760,3012,11748,10743,10743,0,127.01440929999998,37.2444525
수원여객,82_1,일반형시내버스,미영아파트,201000203,1006,877,129,2768,2768,0,127.0134329,37.24708794
수원여객,92_1,일반형시내버스,매탄권선역.화홍고등학교,201000204,224,182,42,1534,1534,0,127.04052140000002,37.25271549
수원여객,80,일반형시내버스,수원시청역3번출구.서울보증보험,201000205,10070,7047,3023,8894,8894,0,127.0311642,37.26041347
수원여객,92,일반형시내버스,태장면고개,201000206,2333,1347,986,3736,3736,0,127.0203056,37.2644839
수원여객,83_1,일반형시내버스,대원아파트,201000208,2195,1864,331,8596,8596,0,127.0327749,37.24795736
수원여객,83_1,일반형시내버스,평생교육학습관.남수원중학교.온수골,201000209,9922,8046,1876,17707,17707,0,127.0340713,37.25099709
수원여객,83_1,일반형시내버스,평생교육학습관.남수원중학교,201000210,18691,17769,922,7113,7113,0,127.0348765,37.25181124
수원여객,83_1,일반형시내버스,우남아파트,201000211,12197,10538,1659,7057,7057,0,127.0331436,37.24775023
용남고속,3007,직행좌석형시내버스,수원버스터미널,201000212,3734,3413,321,29,29,0,127.020153,37.25087238
용남고속,88,일반형시내버스,한국산업인력공단,201000215,20,18,2,650,650,0,126.9681649,37.25858802
용남고속,88,일반형시내버스,한봄고등학교,201000216,102,90,12,823,823,0,126.9697683,37.25884878
용남고속,88,일반형시내버스,한봄고등학교,201000219,904,850,54,26,26,0,126.9698247,37.25877671
용남고속,88,일반형시내버스,한국산업인력공단,201000220,961,920,41,27,27,0,126.9681896,37.25848109
수원여객,92,일반형시내버스,세곡사거리,201000224,1255,1083,172,1729,1729,0,127.0103848,37.26717506
수원여객,80,일반형시내버스,한솔아파트.한림도서관,201000233,1135,920,215,13408,13408,0,127.025129,37.23631245
수원여객,80,일반형시내버스,축산물유통센터.수원아이파크4단지,201000234,801,744,57,17993,17993,0,127.0283662,37.24098198
수원여객,80,일반형시내버스,곡반중학교.수원아이파크,201000235,1662,1097,565,9229,9229,0,127.0313455,37.24514939
수원여객,80,일반형시내버스,곡반중학교.수원아이파크,201000236,10460,9637,823,5300,5300,0,127.0318072,37.24508374
수원여객,80,일반형시내버스,한솔아파트.한림도서관,201000237,9029,8867,162,220,220,0,127.0262077,37.23652288
수원여객,80,일반형시내버스,곡반정동차고지,201000238,15257,12031,3226,5822,5822,0,127.0225448,37.23427544
용남고속,123D,맞춤형시내버스,당수동인정.한라.쌍용아파트,201000240,2010,1903,107,2541,2541,0,126.94074779999998,37.29225619
용남고속,123D,맞춤형시내버스,당수동삼정아파트,201000241,24,13,11,233,233,0,126.9439249,37.29152132
용남고속,123D,맞춤형시내버스,당수동시민농장,201000242,10,10,0,410,410,0,126.9408341,37.28346274
용남고속,123D,맞춤형시내버스,가온마을3단지.모아미래도아파트,201000243,2300,1863,437,880,880,0,126.94184380000002,37.27492647
수원여객,7,일반형시내버스,LG빌리지2차.휴먼시아5단지아파트,201000244,2389,2258,131,1967,1967,0,126.938144,37.27311607
수원여객,7,일반형시내버스,와이씨티칠보마을6단지.LG빌리지1차아파트,201000245,1158,1097,61,1272,1272,0,126.9386756,37.26995429
용남고속,13_5,일반형시내버스,호매실쌍용아파트,201000247,165,152,13,566,566,0,126.9515078,37.26751066
용남고속,13_5,일반형시내버스,신미주아파트,201000248,576,555,21,1542,1542,0,126.95400359999998,37.26761959
용남고속,13_5,일반형시내버스,호매실GS아파트,201000249,1061,999,62,3258,3258,0,126.95810729999998,37.26861029
수원여객,7,일반형시내버스,칠보입구,201000250,41,36,5,849,849,0,126.9607897,37.27124224
수원여객,7,일반형시내버스,구운동주민센터.서수원도서관,201000251,537,392,145,458,458,0,126.9701903,37.27440075
수원여객,7,일반형시내버스,탑동초등학교.삼성아파트,201000252,1370,907,463,1544,1544,0,126.9740061,37.2753492
수원여객,7,일반형시내버스,구운중학교,201000253,1222,651,571,2064,2064,0,126.9771962,37.27593887
수원여객,92,일반형시내버스,서둔동주민센터,201000254,1275,1209,66,2275,2275,0,126.9866497,37.27032473
수원여객,92,일반형시내버스,서호중학교,201000255,336,300,36,1564,1564,0,126.9879658,37.26864045
수원여객,92,일반형시내버스,서호초등학교,201000256,2211,1860,351,2172,2172,0,126.9907088,37.26855577
수원여객,92,일반형시내버스,서호초등학교,201000257,4694,4044,650,2377,2377,0,126.9917314,37.26864057
수원여객,92,일반형시내버스,서호중학교,201000258,294,285,9,775,775,0,126.98806609999998,37.26816057
수원여객,92,일반형시내버스,서둔동,201000259,3824,3709,115,780,780,0,126.9861743,37.27072899
오산교통,46,일반형시내버스,국립축산과학원,201000260,1,0,1,81,81,0,126.9663063,37.23613487
수원여객,92,일반형시내버스,센트라우스.서수원검사소,201000263,1524,1341,183,3029,3029,0,126.9948038,37.26960179
수원여객,92,일반형시내버스,센트라우스.서수원검사소,201000264,1918,1657,261,4702,4702,0,126.9949034,37.26945473
수원여객,92,일반형시내버스,권선초등학교,201000265,4419,4288,131,8610,8610,0,127.02305590000002,37.26380677
수원여객,64,일반형시내버스,곡반중학교,201000268,5685,4172,1513,3155,3155,0,127.034254,37.24608082
수원여객,64,일반형시내버스,매교역3번출구.성원아파트,201000269,736,326,410,480,480,0,127.0148489,37.2642585
수원여객,92,일반형시내버스,매교역4번출구.경기도박치료센터,201000287,2913,2310,603,2858,2858,0,127.0150629,37.26552308
수원여객,92,일반형시내버스,매교역5번출구.경기도박치료센터,201000288,2538,2098,440,1883,1883,0,127.0135029,37.26610237
수원여객,92,일반형시내버스,태장면고개,201000289,2708,2270,438,1621,1621,0,127.0198427,37.26476447
수원여객,80,일반형시내버스,상고렴사거리.곡선동주민센터,201000296,4995,4870,125,1023,1023,0,127.0304157,37.24279974
용남고속,123D,맞춤형시내버스,입북동주민센터,201000310,0,0,0,23,23,0,126.95970859999998,37.29412331
용남고속,123D,맞춤형시내버스,입북동주민센터,201000311,8,8,0,0,0,0,126.9594882,37.29455921
용남고속,88,일반형시내버스,권선구청,201000313,1055,924,131,50,50,0,126.9709828,37.25698318
용남고속,88,일반형시내버스,권선구청,201000314,37,25,12,545,545,0,126.9711566,37.25700811
용남고속,123D,맞춤형시내버스,경기대명고등학교,201000315,97,44,53,265,265,0,126.9416607,37.29374214
용남고속,123D,맞춤형시내버스,웅비아파트,201000330,0,0,0,18,18,0,126.95819109999998,37.29767751
오산교통,46,일반형시내버스,공구유통타운.중앙자동차매매단지,201000336,81,70,11,38,38,0,126.9970935,37.25786531
수원여객,7,일반형시내버스,경기도건설본부.경기도동물위생시험소.칠보마을7단지,201000337,948,918,30,826,826,0,126.9415628,37.2676768
용남고속,123A,맞춤형시내버스,산업단지3단지입구,201000339,26,25,1,289,289,0,126.981046,37.24204731
수원여객,64,일반형시내버스,세류2동주민센터,201000342,1981,1667,314,2133,2133,0,127.0111727,37.25532051
용남고속,123A,맞춤형시내버스,중보들공원,201000344,25,25,0,77,77,0,126.9910293,37.24460483
수원여객,82_1,일반형시내버스,남수원초등학교,201000345,450,419,31,439,439,0,127.0160003,37.25109066
수원여객,81,일반형시내버스,권선동,201000346,94,22,72,626,626,0,127.019825,37.23620855
수원여객,82_1,일반형시내버스,미영아파트,201000356,3455,3204,251,1471,1471,0,127.0135969,37.24735566
수원여객,7,일반형시내버스,수원은혜교회.한양수자인파크원아파트,201000357,732,664,68,301,301,0,126.953978,37.26601644
수원여객,7,일반형시내버스,한양수자인파크원아파트.금호초등학교,201000358,208,155,53,886,886,0,126.9527161,37.2659687
수원여객,7,일반형시내버스,홈플러스서수원점,201000359,1805,1681,124,596,596,0,126.9556086,37.27475369
수원여객,7,일반형시내버스,홈플러스서수원점,201000360,459,357,102,2122,2122,0,126.9554763,37.27492813
수원여객,80,일반형시내버스,상고렴사거리.수원아이파크시티4단지,201000368,239,214,25,9300,9300,0,127.0296303,37.24245158
용남고속,123D,맞춤형시내버스,서수원자이아파트,201000369,0,0,0,8,8,0,126.9588287,37.29644813
용남고속,123D,맞춤형시내버스,서수원자이아파트,201000370,3,3,0,0,0,0,126.9589379,37.29599386
오산교통,202,일반형시내버스,중앙병원,201000386,1480,1448,32,1903,1903,0,127.0213433,37.26084842
오산교통,202,일반형시내버스,중앙병원,201000387,2660,2588,72,2013,2013,0,127.02312279999998,37.2600419
수원여객,64,일반형시내버스,세화새마을금고.버드내도서관,201000397,1862,1702,160,2984,2984,0,127.01126709999998,37.2571953
수원여객,64,일반형시내버스,장미아파트.버드내도서관,201000398,3283,3202,81,1924,1924,0,127.0117279,37.25749704
수원여객,82_1,일반형시내버스,세류2동,201000399,2814,2479,335,1784,1784,0,127.0117979,37.2517245
수원여객,7,일반형시내버스,호매실동차고지,201000404,44,31,13,21,21,0,126.9628587,37.25481765
수원여객,7,일반형시내버스,호매실동차고지,201000405,0,0,0,1,1,0,126.9630065,37.25488417
수원여객,7,일반형시내버스,호매실마을14단지.장애인종합복지관,201000408,80,40,40,688,688,0,126.9571692,37.26274247
수원여객,7,일반형시내버스,호매실마을14단지.장애인종합복지관,201000409,1101,998,103,241,241,0,126.9574307,37.26284511
수원여객,7,일반형시내버스,수원시보훈회관.호매실마을13단지,201000410,457,260,197,978,978,0,126.957331,37.26514791
수원여객,7,일반형시내버스,호매실마을13단지.수원시보훈회관,201000411,992,874,118,354,354,0,126.9576414,37.26534166
수원여객,7,일반형시내버스,모아미래도아파트.칠보마을5단지,201000412,1666,1460,206,2654,2654,0,126.9409662,37.27432454
수원여객,7,일반형시내버스,칠보마을5단지.모아미래도아파트,201000413,2656,2444,212,1163,1163,0,126.940393,37.27412491
수원여객,7,일반형시내버스,금곡동주민센터.호매실파출소,201000414,2507,2432,75,880,880,0,126.95292240000002,37.2738406
수원여객,7,일반형시내버스,금곡동주민센터.호매실파출소,201000415,833,750,83,1929,1929,0,126.952916,37.27405294
용남고속,123A,맞춤형시내버스,칠보마을7단지,201000416,116,112,4,12,12,0,126.9426955,37.26819516
수원여객,80,일반형시내버스,수원버스터미널,201000420,461,415,46,5981,5981,0,127.019612,37.25235872
용남고속,123D,맞춤형시내버스,당수초등학교.삼정아파트,201000423,27,25,2,1148,1148,0,126.94462659999998,37.2901147
수원여객,82_1,일반형시내버스,세류역환승주차장,201000424,511,444,67,2391,2391,0,127.0156353,37.24189403
수원여객,64,일반형시내버스,수원아이파크시티.선일초교,201000430,13775,6561,7214,9931,9931,0,127.028889,37.24727379
오산교통,46,일반형시내버스,동남아파트,201000432,6,3,3,26,26,0,127.000468,37.2608466
수원여객,7,일반형시내버스,능실초등학교,201000435,66,43,23,1344,1344,0,126.956963,37.26019722
수원여객,7,일반형시내버스,능실초등학교,201000436,871,804,67,115,115,0,126.9572144,37.26036743
수원여객,80,일반형시내버스,권선시장앞,201000437,1680,1609,71,1458,1458,0,127.0244332,37.25555311
수원여객,7,일반형시내버스,호매실스위첸19단지.능실마을22단지,201000438,1723,1636,87,198,198,0,126.9598817,37.25874128
수원여객,7,일반형시내버스,호매실스위첸19단지.능실마을22단지,201000439,173,156,17,1290,1290,0,126.9602657,37.25859878
수원여객,7,일반형시내버스,능실마을20단지,201000440,127,117,10,532,532,0,126.9621744,37.25748011
수원여객,7,일반형시내버스,자목마을입구.한양수자인파크원아파트,201000441,114,93,21,307,307,0,126.9478447,37.26647056
수원여객,7,일반형시내버스,한양수자인파크원아파트.자목마을입구,201000442,885,828,57,1004,1004,0,126.9494138,37.26655771
용남고속,88,일반형시내버스,서부공영차고지,201000445,163,142,21,888,888,0,126.962755,37.25547017
용남고속,88,일반형시내버스,서부공영차고지,201000446,1001,937,64,6,6,0,126.9629544,37.25531205
수원여객,7,일반형시내버스,능실마을21단지.수원여대입구,201000447,491,425,66,1751,1751,0,126.9619426,37.2543164
수원여객,7,일반형시내버스,능실마을21단지.수원여대입구,201000448,1675,1453,222,204,204,0,126.9620527,37.25422066
수원여객,7,일반형시내버스,호매실도서관,201000453,4,4,0,237,237,0,126.9588677,37.26626705
수원여객,7,일반형시내버스,호매실마을13단지.호매실도서관,201000454,262,254,8,20,20,0,126.9591174,37.26610776
수원여객,7,일반형시내버스,능실마을20단지,201000458,568,523,45,149,149,0,126.9623631,37.25782971
용남고속,123D,맞춤형시내버스,서수원레이크푸르지오2단지,201000460,63,63,0,1,1,0,126.9524763,37.29966339
용남고속,123A,맞춤형시내버스,칠보마을9단지,201000462,202,202,0,81,81,0,126.9450224,37.27036598
용남고속,123D,맞춤형시내버스,당수초등학교.삼정아파트,201000465,1426,1357,69,63,63,0,126.9445163,37.28997948
용남고속,2_1,일반형시내버스,수원남부버스공영차고지,201000472,48,42,6,31,31,0,127.0379755,37.24379017
수원여객,7_1,일반형시내버스,수원센트럴타운3단지,201000474,2202,1640,562,1013,1013,0,127.0037705,37.26119259
수원여객,7_1,일반형시내버스,수원센트럴타운3단지,201000475,2208,2149,59,7973,7973,0,127.0040458,37.2613441
용남고속,123A,맞춤형시내버스,산업단지3단지입구,201000479,282,280,2,80,80,0,126.9809995,37.24187002
용남고속,123A,맞춤형시내버스,시립수원산업단지어린이집,201000480,466,456,10,130,130,0,126.9842037,37.24282179
용남고속,123A,맞춤형시내버스,동아엘텍,201000481,363,361,2,49,49,0,126.9866186,37.24286542
용남고속,123A,맞춤형시내버스,㈜명성,201000483,367,363,4,117,117,0,126.9818189,37.23834629
용남고속,123A,맞춤형시내버스,오목천동서희스타힐스,201000485,43,43,0,150,150,0,126.965376,37.24751963
용남고속,123A,맞춤형시내버스,오목천동서희스타힐스,201000489,153,128,25,46,46,0,126.9655609,37.24724184
수원여객,7,일반형시내버스,호매실입구(구운동),201000500,57,31,26,198,198,0,126.9664666,37.27384691
용남고속,123A,맞춤형시내버스,평동동남아파트,201000545,2,2,0,0,0,0,126.9989847,37.26321189
용남고속,123A,맞춤형시내버스,㈜명성,201000554,87,86,1,263,263,0,126.9808812,37.2394864
수원여객,7,일반형시내버스,호매실입구(탑동),201000579,166,31,135,89,89,0,126.9660074,37.27356326
용남고속,123A,맞춤형시내버스,수원여자대학교정문,201000580,33,30,3,36,36,0,126.96304750000002,37.2518712
용남고속,123A,맞춤형시내버스,수원여자대학교정문,201000581,19,14,5,19,19,0,126.9629031,37.25188813
수원여객,92,일반형시내버스,세곡사거리,201000582,276,264,12,1737,1737,0,127.0108046,37.26721554
수원여객,82_1,일반형시내버스,곡정고.수원아이파크시티7단지아파트,201000583,437,437,0,317,317,0,127.0211281,37.24411327
수원여객,82_1,일반형시내버스,곡정고.수원아이파크시티7단지아파트,201000584,193,188,5,676,676,0,127.0214606,37.24409844
수원여객,82_1,일반형시내버스,아이파크7단지,201000585,228,216,12,546,546,0,127.021476,37.24665419
수원여객,82_1,일반형시내버스,아이파크7단지,201000586,600,597,3,257,257,0,127.021244,37.24626777
용남고속,123A,맞춤형시내버스,수원역환승센터(10승강장),201000596,1684,428,1256,188,188,0,126.9986035,37.26602457
수원여객,7_2,일반형시내버스,수원시평생학습관.창룡도서관.연무사회복지관,202000001,138,126,12,423,423,0,127.0271313,37.29142369
수원여객,83_1,일반형시내버스,경기소방본부,202000002,3017,2643,374,12629,12629,0,127.03608429999998,37.25558624
수원여객,81,일반형시내버스,수원시청.수원일자리센터,202000003,22592,16951,5641,8817,8817,0,127.02794070000002,37.26284431
수원여객,7,일반형시내버스,아주대학교입구,202000004,5028,2820,2208,14298,14298,0,127.0439108,37.27587818
수원여객,7,일반형시내버스,아주대.아주대학교병원,202000005,21329,12621,8708,28159,28159,0,127.0437249,37.27861853
수원여객,92,일반형시내버스,경기문화재단.매탄주공4.5단지,202000006,5667,3652,2015,5365,5365,0,127.03697959999998,37.26598392
수원여객,7,일반형시내버스,성빈센트병원,202000007,9882,8904,978,7923,7923,0,127.0271832,37.27710836
수원여객,7,일반형시내버스,동수원사거리,202000008,5883,5290,593,5942,5942,0,127.0293924,37.27835284
수원여객,80,일반형시내버스,수원시청역10번출구.국민연금공단.경인일보,202000009,4523,4006,517,20647,20647,0,127.0343621,37.26123622
수원여객,92,일반형시내버스,수원시청역8번출구.씨네파크.헌혈의집,202000010,20962,18981,1981,25915,25915,0,127.0324467,37.26378667
수원여객,92,일반형시내버스,중소기업은행,202000011,15142,12333,2809,23068,23068,0,127.0333947,37.26623723
오산교통,201,일반형시내버스,인계삼성아파트.현대힐스테이트,202000012,3897,3815,82,4141,4141,0,127.0353134,37.27105723
오산교통,201,일반형시내버스,청소년문화센터,202000013,4720,4322,398,3227,3227,0,127.0367447,37.27459995
수원여객,7,일반형시내버스,인계선경아파트,202000014,2660,2425,235,2664,2664,0,127.0366034,37.27688608
수원여객,7,일반형시내버스,수원고용복지플러스센터.동수원병원.라마다호텔,202000015,7996,7266,730,5077,5077,0,127.03393359999998,37.2776175
수원여객,7,일반형시내버스,수원고용복지플러스센터.동수원병원.라마다호텔,202000016,5740,5331,409,6073,6073,0,127.03520259999998,37.2776329
수원여객,7,일반형시내버스,우만신성아파트,202000017,2793,2581,212,4054,4054,0,127.0370289,37.27709723
오산교통,201,일반형시내버스,현대힐스테이트.인계삼성아파트,202000018,4279,4233,46,4758,4758,0,127.0356854,37.27103009
수원여객,92,일반형시내버스,뉴코아아울렛,202000019,23161,20650,2511,12291,12291,0,127.03355220000002,37.26552537
수원여객,92,일반형시내버스,수원시청역9번출구.국민연금공단,202000020,21070,14805,6265,21851,21851,0,127.0325139,37.26287661
수원여객,80,일반형시내버스,수원시청역2번출구.벽산그랜드코아,202000021,7695,6704,991,11003,11003,0,127.031487,37.26023684
수원여객,98,일반형시내버스,인계동행정복지센터.KBS수원센터,202000023,2637,2311,326,7496,7496,0,127.0283785,37.26799549
수원여객,98,일반형시내버스,인계동파밀리에아파트,202000024,1736,1591,145,2767,2767,0,127.0227278,37.26944558
수원여객,98,일반형시내버스,인계동파밀리에아파트,202000025,4106,3950,156,1742,1742,0,127.0226738,37.26967558
수원여객,98,일반형시내버스,인계동행정복지센터.KBS수원센터.경기도노인회관,202000026,4883,4714,169,2391,2391,0,127.02855890000002,37.26824774
수원여객,80,일반형시내버스,수원시청역1번출구.국민연금공단.경인일보,202000027,17180,12641,4539,7866,7866,0,127.0332715,37.2611226
수원여객,7,일반형시내버스,팔달문.수원백병원,202000028,9914,7570,2344,10519,10519,0,127.0165912,37.27880543
수원여객,64,일반형시내버스,팔달문,202000030,21237,13314,7923,12522,12522,0,127.017306,37.27770284
수원여객,7,일반형시내버스,영동시장,202000031,7104,4716,2388,9303,9303,0,127.0185408,37.27535881
수원여객,80,일반형시내버스,효성초등학교,202000032,971,711,260,3758,3758,0,127.0395902,37.28206662
수원여객,80,일반형시내버스,수원월드컵경기장.동성중학교,202000033,3153,2980,173,5673,5673,0,127.03517759999998,37.28539527
수원여객,80,일반형시내버스,수원시평생학습관.우만주공아파트,202000034,6671,6010,661,5881,5881,0,127.02984920000002,37.29074949
수원여객,80,일반형시내버스,수원시평생학습관.우만주공아파트,202000035,1538,1172,366,3008,3008,0,127.03008590000002,37.29087414
수원여객,80,일반형시내버스,여권민원실.풍림아파트,202000036,7184,6916,268,3916,3916,0,127.0335333,37.28755753
수원여객,80,일반형시내버스,수원월드컵경기장.동성중학교,202000037,6368,6187,181,2633,2633,0,127.03606840000002,37.28500483
수원여객,80,일반형시내버스,효성초등학교,202000038,3765,3317,448,1783,1783,0,127.0396347,37.28233601
수원여객,80,일반형시내버스,창현고교.아주대학교.유신고교,202000039,575,455,120,472,472,0,127.0421544,37.28085557
수원여객,98,일반형시내버스,뉴코아아울렛.중소기업은행,202000040,3933,3550,383,11820,11820,0,127.0329778,37.26692213
용남고속,3002,직행좌석형시내버스,수원월드컵경기장.아름학교,202000041,34,26,8,479,479,0,127.0408134,37.28773677
용남고속,3002,직행좌석형시내버스,수원월드컵경기장.아름학교,202000042,240,214,26,89,89,0,127.0404097,37.28678688
수원여객,7_2,일반형시내버스,월드컵경기장입구.우만아파트주공3단지,202000043,878,780,98,1461,1461,0,127.0325504,37.29238939
수원여객,64,일반형시내버스,매교다리,202000044,727,538,189,3234,3234,0,127.0168722,37.27192269
수원여객,7,일반형시내버스,우만동선경아파트,202000046,2391,2095,296,2241,2241,0,127.039888,37.27624435
수원여객,7,일반형시내버스,2001아울렛,202000048,11073,7046,4027,10030,10030,0,127.021449,37.275420200000006
수원여객,7,일반형시내버스,우만동선경아파트,202000049,2600,1472,1128,11872,11872,0,127.03965320000002,37.27596145
수원여객,7,일반형시내버스,성빈센트병원,202000050,3712,3347,365,8002,8002,0,127.0261173,37.27635395
수원여객,7,일반형시내버스,2001아울렛,202000051,15737,11685,4052,8817,8817,0,127.0223714,37.27530409
수원여객,7,일반형시내버스,녹산문고앞,202000052,7611,5736,1875,9000,9000,0,127.0180991,37.27511504
수원여객,7_2,일반형시내버스,우만동4단지,202000053,17985,14895,3090,10423,10423,0,127.0309214,37.29224834
수원여객,80,일반형시내버스,여권민원실.풍림아파트,202000054,4781,4410,371,4696,4696,0,127.0331201,37.28746627
수원여객,7_2,일반형시내버스,창룡문.연무대,202000055,99,95,4,285,285,0,127.0242237,37.28724672
수원여객,7_2,일반형시내버스,팔달구청.수원화성박물관,202000057,380,320,60,216,216,0,127.0188663,37.28177407
수원여객,7_2,일반형시내버스,팔달구청.수원화성박물관,202000058,190,156,34,323,323,0,127.0189639,37.28200647
수원여객,7_2,일반형시내버스,매향동,202000059,253,245,8,139,139,0,127.0217658,37.28419911
수원여객,7_2,일반형시내버스,창룡문.연무대,202000060,179,165,14,186,186,0,127.0243242,37.28814344
수원여객,80,일반형시내버스,창현고교.아주대학교.유신고교,202000061,297,238,59,924,924,0,127.0421848,37.28055563
수원여객,7,일반형시내버스,아주대입구.우리은행,202000073,22726,14693,8033,11214,11214,0,127.04238490000002,37.27539798
수원여객,83_1,일반형시내버스,임광아파트.야외음악당,202000074,3194,2945,249,8077,8077,0,127.0370174,37.25763589
수원여객,80,일반형시내버스,경기도문화의전당.두산위브아파트,202000075,3435,2625,810,12879,12879,0,127.0389137,37.26215267
수원여객,80,일반형시내버스,자유총연맹,202000076,6112,3868,2244,11192,11192,0,127.0398017,37.264197
수원여객,92,일반형시내버스,권선초교,202000077,6543,6367,176,2557,2557,0,127.0227291,37.2641312
오산교통,201,일반형시내버스,청소년문화센터,202000079,1290,1256,34,2710,2710,0,127.0372996,37.27500318
수원여객,7_2,일반형시내버스,매향동,202000081,46,43,3,71,71,0,127.0208439,37.28243459
수원여객,7,일반형시내버스,한국전력경기사업본부.한라시그마팰리스,202000082,7161,6500,661,9145,9145,0,127.0286947,37.277848
용남고속,123A,맞춤형시내버스,원요양병원,202000083,74,71,3,275,275,0,127.009298,37.27141466
오산교통,201,일반형시내버스,인계래미안노블클래스,202000085,499,472,27,979,979,0,127.0345175,37.26891882
오산교통,201,일반형시내버스,인계래미안노블클래스,202000086,2770,2720,50,1716,1716,0,127.03475520000002,37.26880873
수원여객,7_2,일반형시내버스,남수동,202000087,159,153,6,155,155,0,127.0226515,37.28498553
용남고속,3002,직행좌석형시내버스,월드메르디앙,202000091,1776,1737,39,122,122,0,127.0381287,37.27831574
용남고속,3002,직행좌석형시내버스,월드메르디앙,202000092,184,176,8,1846,1846,0,127.0370451,37.28016427
수원여객,92,일반형시내버스,화서위브하늘채,202000096,2526,2266,260,5702,5702,0,126.9986949,37.28901162
수원여객,92,일반형시내버스,수원중학교,202000103,120,90,30,640,640,0,127.0182155,37.26510795
용남고속,2_1,일반형시내버스,화서1동주민센터,202000104,80,25,55,815,815,0,126.994897,37.27646186
수원여객,7_1,일반형시내버스,수원역.AK플라자,202000105,71234,36759,34475,19644,19644,0,127.0014835,37.2649378
수원여객,7_1,일반형시내버스,수원역.AK플라자,202000106,30675,13926,16749,25881,25881,0,127.0009035,37.26736535
수원여객,7_1,일반형시내버스,화서문로터리,202000109,1255,1135,120,3132,3132,0,127.0072198,37.28427866
용남고속,123A,맞춤형시내버스,인구협회가족보건의원.원요양병원,202000122,193,190,3,9,9,0,127.0090528,37.27146655
용남고속,123A,맞춤형시내버스,경기도청입구,202000200,435,419,16,5,5,0,127.0095122,37.27346088
수원여객,7_1,일반형시내버스,병무청입구.고등동행정복지센터,202000201,12660,11177,1483,6727,6727,0,127.0038846,37.2794386
수원여객,7_1,일반형시내버스,화서문로터리,202000202,5585,5233,352,2964,2964,0,127.0069927,37.28465852
수원여객,7_1,일반형시내버스,글로벌청소년드림센터.경기도지사공관,202000203,4406,4165,241,3269,3269,0,127.005742,37.28216547
수원여객,7_1,일반형시내버스,글로벌청소년드림센터.경기도지사공관,202000204,1795,1619,176,2629,2629,0,127.00605729999998,37.28217974
수원여객,7_1,일반형시내버스,화서시장.병무청입구.고등동행정복지센터,202000205,5165,4475,690,6956,6956,0,127.0046281,37.28010598
수원여객,7,일반형시내버스,가족여성회관.이춘택병원.수원농협,202000206,3116,2093,1023,4186,4186,0,127.0142639,37.27159298
수원여객,64,일반형시내버스,매교다리,202000207,5032,2386,2646,3226,3226,0,127.016805,37.27168125
수원여객,7,일반형시내버스,수원역.노보텔수원,202000208,38876,14446,24430,58963,58963,0,126.9996078,37.26811186
수원여객,7_1,일반형시내버스,고등동사거리,202000211,1729,1578,151,1404,1404,0,127.0022226,37.27376516
수원여객,7,일반형시내버스,향교.팔달보건소.중앙침례교회,202000212,2130,1562,568,2501,2501,0,127.0121329,37.27065612
수원여객,7,일반형시내버스,세무서.도청입구.신용회복위원회,202000213,10141,8206,1935,4608,4608,0,127.0077627,37.26897683
수원여객,7,일반형시내버스,세무서.도청입구.신용회복위원회,202000214,7454,5676,1778,22958,22958,0,127.0070258,37.26894987
수원여객,7,일반형시내버스,향교.팔달보건소.중앙침례교회,202000215,2081,1815,266,2536,2536,0,127.0117383,37.27071922
수원여객,7,일반형시내버스,가족여성회관.이춘택병원.해움미술관.수원농협,202000216,4446,3970,476,4359,4359,0,127.0152111,37.27225063
수원여객,7_1,일반형시내버스,농천교회,202000217,1298,1062,236,8468,8468,0,127.0006554,37.27098997
수원여객,92,일반형시내버스,경기도청오거리,202000218,1043,934,109,561,561,0,127.0090773,37.26852991
수원여객,7,일반형시내버스,수원역.AK플라자,202000219,51866,29777,22089,58713,58713,0,127.0009335,37.26745951
수원여객,7_1,일반형시내버스,수원여자고교,202000220,2898,2691,207,1531,1531,0,127.0028202,37.27602675
수원여객,7_1,일반형시내버스,수원여자고교,202000221,1556,1441,115,4870,4870,0,127.0031446,37.27609917
수원여객,7_1,일반형시내버스,고등동사거리,202000222,1171,1095,76,2249,2249,0,127.0018393,37.27244965
수원여객,7_1,일반형시내버스,고등동구터미널,202000223,1234,989,245,1798,1798,0,127.0010613,37.27117919
수원여객,7,일반형시내버스,매산시장,202000224,47613,23328,24285,12022,12022,0,127.0034063,37.26731374
수원여객,7_1,일반형시내버스,수원역.역전시장,202000225,8123,3966,4157,43399,43399,0,127.0018454,37.26511559
수원여객,7_2,일반형시내버스,경기남부지방경찰청.봉녕사입구,203000001,2875,2341,534,4518,4518,0,127.0342295,37.29358334
수원여객,98,일반형시내버스,동수원우체국.삼성래미안,203000002,11404,10437,967,5519,5519,0,127.03333870000002,37.26709323
수원여객,7_2,일반형시내버스,영통역7번출구.영덕고등학교,203000018,1764,1138,626,1645,1645,0,127.0697366,37.25252303
수원여객,98,일반형시내버스,e편한세상,203000019,1428,1360,68,1817,1817,0,127.0527999,37.27060944
오산교통,201,일반형시내버스,광교중흥S클래스,203000020,598,593,5,201,201,0,127.0591618,37.28118991
수원여객,92_1,일반형시내버스,영통구청,203000024,1957,1801,156,2368,2368,0,127.04310929999998,37.25996301
수원여객,92_1,일반형시내버스,매탄고등학교.매탄위브하늘채,203000025,1174,1122,52,2539,2539,0,127.0435277,37.26232358
수원여객,92_1,일반형시내버스,매탄고등학교.그린빌주공1.2단지,203000026,1782,1749,33,909,909,0,127.0438659,37.26246762
수원여객,92_1,일반형시내버스,영통구청.상지문고,203000027,3990,3785,205,1782,1782,0,127.0434185,37.26008534
오산교통,201,일반형시내버스,매원초등학교.광교아이파크아파트,203000031,2288,2235,53,728,728,0,127.06019740000002,37.27451129
오산교통,201,일반형시내버스,매원초등학교.광교아이파크아파트,203000032,793,773,20,1941,1941,0,127.0600256,37.27457089
수원여객,7_2,일반형시내버스,경희대정문,203000037,84,78,6,639,639,0,127.0785262,37.24779039
용남고속,3002,직행좌석형시내버스,경기도경제과학진흥원,203000040,311,266,45,450,450,0,127.0452679,37.2912455
수원여객,7_2,일반형시내버스,차세대융합기술연구원.푸르지오월드마크,203000041,1418,807,611,7259,7259,0,127.04788059999998,37.29342866
수원여객,7_2,일반형시내버스,푸르지오월드마크.차세대융합기술연구원,203000042,5411,4899,512,2333,2333,0,127.0474494,37.29240687
용남고속,3002,직행좌석형시내버스,경기도경제과학진흥원,203000043,376,339,37,320,320,0,127.045502,37.29081973
수원여객,98,일반형시내버스,원천삼성아파트,203000047,1039,1018,21,1279,1279,0,127.06060890000002,37.26522663
수원여객,98,일반형시내버스,무궁화전자,203000048,2050,2001,49,2105,2105,0,127.0637997,37.26179566
수원여객,98,일반형시내버스,대광빌리지,203000049,28,20,8,438,438,0,127.0651322,37.25896162
수원여객,98,일반형시내버스,지역난방공사.신나무실쌍용아파트,203000050,1220,663,557,548,548,0,127.0662202,37.25663693
오산교통,201,일반형시내버스,광교중흥S클래스,203000051,321,319,2,453,453,0,127.0594027,37.28115764
수원여객,98,일반형시내버스,지역난방공사.신나무실쌍용아파트,203000052,985,802,183,1163,1163,0,127.0659493,37.25645276
수원여객,98,일반형시내버스,대광빌리지,203000053,597,583,14,665,665,0,127.0648508,37.25904039
수원여객,98,일반형시내버스,무궁화전자,203000054,1536,1514,22,1220,1220,0,127.06354170000002,37.26183392
수원여객,98,일반형시내버스,원천삼성아파트,203000055,1481,1466,15,1025,1025,0,127.0608116,37.26489314
수원여객,80,일반형시내버스,매탄2동주민센터,203000056,2484,2350,134,5916,5916,0,127.0460701,37.27250434
수원여객,80,일반형시내버스,매탄2동주민센터.매탄시장입구,203000057,6876,6025,851,5129,5129,0,127.0454275,37.27258567
수원여객,80,일반형시내버스,삼성1차아파트,203000063,13411,11221,2190,6332,6332,0,127.0410044,37.26612681
오산교통,8,일반형시내버스,e편한세상아파트,203000064,406,282,124,5141,5141,0,127.0671989,37.2463915
용남고속,34,일반형시내버스,극동.풍림아파트,203000065,1682,973,709,6228,6228,0,127.0688132,37.24927391
수원여객,7,일반형시내버스,아주대.아주대학교병원,203000066,23345,18912,4433,15793,15793,0,127.0439446,37.27872671
수원여객,7,일반형시내버스,아주대학교입구,203000067,20981,14571,6410,15959,15959,0,127.044118,37.27595264
수원여객,80,일반형시내버스,구법원사거리,203000068,28719,14978,13741,28488,28488,0,127.0472182,37.27396825
오산교통,201,일반형시내버스,KT동수원지사,203000069,4312,3459,853,2065,2065,0,127.051131,37.27361428
용남고속,37,일반형시내버스,남부경찰서.매원초교.성일아파트,203000070,487,447,40,326,326,0,127.05547620000002,37.27254075
용남고속,37,일반형시내버스,광교호수공원입구.원천교사거리,203000071,551,511,40,441,441,0,127.0596402,37.27095478
용남고속,34,일반형시내버스,원천주공2단지,203000072,2305,2109,196,933,933,0,127.062856,37.26972165
용남고속,2_1,일반형시내버스,영통역8번출구,203000074,15522,9465,6057,23402,23402,0,127.0718481,37.25237172
용남고속,2_1,일반형시내버스,청명역4번출구,203000075,1724,929,795,7953,7953,0,127.07744479999998,37.25827906
용남고속,2_1,일반형시내버스,청명역6번출구.황골주공1단지,203000076,1671,1337,334,6126,6126,0,127.0795663,37.26051224
용남고속,2_1,일반형시내버스,황골주공.벽산아파트,203000077,6956,6171,785,13986,13986,0,127.0819049,37.26529517
용남고속,2_1,일반형시내버스,황골마을,203000078,9275,6582,2693,2993,2993,0,127.0818733,37.26736758
용남고속,2_1,일반형시내버스,삼성전자입구,203000079,1675,1224,451,2904,2904,0,127.0667216,37.26859755
용남고속,2_1,일반형시내버스,원천주공2단지,203000080,726,717,9,766,766,0,127.06227959999998,37.26795592
용남고속,2_1,일반형시내버스,원일초교,203000081,622,594,28,616,616,0,127.0594081,37.26667027
수원여객,98,일반형시내버스,원천주공1단지,203000082,2118,1863,255,2022,2022,0,127.05685420000002,37.26671444
수원여객,98,일반형시내버스,금성아파트.한국1차아파트,203000083,357,213,144,473,473,0,127.0569019,37.26804866
수원여객,98,일반형시내버스,동수원중학교.성일아파트.한국1차아파트,203000084,1397,1279,118,2041,2041,0,127.0557522,37.27004445
수원여객,98,일반형시내버스,산남중학교,203000085,335,322,13,1014,1014,0,127.0520402,37.26865445
수원여객,98,일반형시내버스,한국2차아파트,203000086,1440,1388,52,2122,2122,0,127.0502504,37.26830387
수원여객,98,일반형시내버스,매탄공원,203000087,988,960,28,2124,2124,0,127.0470035,37.26844032
수원여객,98,일반형시내버스,매원중학교,203000088,879,780,99,2089,2089,0,127.0457731,37.26577372
수원여객,92_1,일반형시내버스,매탄초교,203000089,3053,2204,849,4018,4018,0,127.0441663,37.26437593
수원여객,92,일반형시내버스,매탄주공4.5단지,203000090,7130,5459,1671,6024,6024,0,127.0378477,37.26602871
수원여객,92_1,일반형시내버스,래미안영통마크원2단지,203000098,896,857,39,1692,1692,0,127.0475535,37.24745962
수원여객,92_1,일반형시내버스,그린빌주공5단지,203000099,816,795,21,1051,1051,0,127.0405695,37.25593952
수원여객,92_1,일반형시내버스,우남아파트,203000100,1272,1223,49,1325,1325,0,127.0423419,37.25845855
수원여객,92_1,일반형시내버스,그린빌주공5단지,203000101,1295,1220,75,1063,1063,0,127.0406945,37.25546767
수원여객,92_1,일반형시내버스,매탄권선역.그린빌주공6단지,203000102,2417,670,1747,1175,1175,0,127.0407726,37.25297608
수원여객,7_1,일반형시내버스,망포중학교,203000108,22700,19572,3128,7537,7537,0,127.05661,37.23877412
수원여객,7_1,일반형시내버스,망포1동주민센터.삼정라츠.늘푸른벽산,203000109,11847,9960,1887,5105,5105,0,127.0595041,37.23740063
수원여객,92_1,일반형시내버스,매탄성일아파트,203000110,8264,6634,1630,5087,5087,0,127.0442416,37.26454972
수원여객,98,일반형시내버스,매탄공원,203000112,2611,2538,73,1011,1011,0,127.0468334,37.26865419
수원여객,98,일반형시내버스,한국2차아파트.산남중학교,203000113,3419,3337,82,1079,1079,0,127.0497094,37.26866451
수원여객,98,일반형시내버스,극동아파트,203000114,2537,2459,78,1502,1502,0,127.0523978,37.27022372
수원여객,98,일반형시내버스,동수원중학교.성일아파트.한국1차아파트,203000115,2964,2867,97,1326,1326,0,127.0562099,37.27014738
수원여객,98,일반형시내버스,금성아파트.한국2차아파트,203000116,236,205,31,578,578,0,127.0562363,37.26742725
수원여객,98,일반형시내버스,원천주공1단지,203000117,2326,2153,173,1585,1585,0,127.0569575,37.26690432
용남고속,2_1,일반형시내버스,원일초교.성일아파트,203000118,429,413,16,578,578,0,127.0604548,37.26735552
용남고속,2_1,일반형시내버스,삼성전자입구,203000119,3314,2443,871,3295,3295,0,127.066595,37.26899009
용남고속,2_1,일반형시내버스,황골벽산아파트,203000120,12473,11224,1249,7957,7957,0,127.08242450000002,37.26624992
용남고속,2_1,일반형시내버스,청명역1번출구.청명산,203000121,5516,1137,4379,1763,1763,0,127.080218,37.26048134
용남고속,2_1,일반형시내버스,청명역3번출구,203000122,11521,8796,2725,1462,1462,0,127.0786351,37.25880227
용남고속,2_1,일반형시내버스,영통역,203000123,30336,25047,5289,12964,12964,0,127.0739234,37.25381212
오산교통,8,일반형시내버스,망포역1번출구.디지털엠파이어1,203000124,6115,3251,2864,10925,10925,0,127.05964240000002,37.2457675
수원여객,7_2,일반형시내버스,경희대학교,203000125,10535,9549,986,234,234,0,127.0774914,37.247812
수원여객,92_1,일반형시내버스,매탄우남아파트,203000129,1823,1768,55,1999,1999,0,127.0426012,37.25845846
수원여객,92_1,일반형시내버스,벌터마을.래미안영통마크원2단지,203000130,1197,1148,49,505,505,0,127.0470702,37.24822105
수원여객,7_2,일반형시내버스,신나무실아파트,203000131,2946,2664,282,5249,5249,0,127.06593290000002,37.25268942
수원여객,7_2,일반형시내버스,살구골공원.영통역3번출구,203000135,126,35,91,727,727,0,127.073539,37.24991791
수원여객,7_2,일반형시내버스,영통역6번출구.영덕고등학교,203000136,2047,1302,745,2842,2842,0,127.069869,37.25215292
수원여객,7_2,일반형시내버스,신나무실아파트,203000137,5936,5369,567,2792,2792,0,127.06608359999998,37.2524677
수원여객,7_2,일반형시내버스,벽적골태영아파트,203000138,3342,3177,165,1874,1874,0,127.0626868,37.2495803
수원여객,7_2,일반형시내버스,영통롯데아파트,203000139,6243,5138,1105,2554,2554,0,127.0613136,37.24669432
수원여객,7_2,일반형시내버스,망포역7번출구.벽적골8단지,203000140,4286,2317,1969,4853,4853,0,127.0584547,37.24608306
수원여객,7_2,일반형시내버스,우성아파트,203000141,2396,1753,643,6107,6107,0,127.0609685,37.24714272
수원여객,7_2,일반형시내버스,벽적골주공아파트,203000142,1733,1596,137,2934,2934,0,127.062513,37.24979092
수원여객,7_2,일반형시내버스,영일중학교.수원출입국외국인청,203000143,459,419,40,45,45,0,127.0751133,37.24924639
수원여객,7_2,일반형시내버스,센트럴하이츠아파트,203000145,19,16,3,11,11,0,127.0605374,37.2441224
수원여객,7_1,일반형시내버스,동수원LG빌리지3단지.삼정라츠.늘푸린벽산,203000147,4041,3626,415,8656,8656,0,127.0593033,37.23720197
수원여객,7_1,일반형시내버스,망포중학교,203000148,5703,4664,1039,21251,21251,0,127.05662920000002,37.2382973
수원여객,64,일반형시내버스,태장초등학교,203000149,2797,2154,643,8661,8661,0,127.0553944,37.24090113
수원여객,64,일반형시내버스,그대가프리미어아파트.망포역3번출구,203000150,46429,13942,32487,13779,13779,0,127.0561861,37.24473018
수원여객,64,일반형시내버스,방죽공원.영통힐스테이트.쌍용아파트,203000151,3385,1844,1541,9455,9455,0,127.051993,37.24540123
수원여객,64,일반형시내버스,영통아이파크캐슬1단지.래미안영통마크원2단지,203000152,4195,3872,323,4934,4934,0,127.0462857,37.245039
수원여객,64,일반형시내버스,래미안영통마크원2단지.영통아이파크캐슬1단지,203000153,5915,5421,494,3640,3640,0,127.045991,37.24542746
수원여객,64,일반형시내버스,망포그대가프리미어.쌍용아파트,203000154,5687,3778,1909,3832,3832,0,127.0534468,37.24585968
수원여객,64,일반형시내버스,청와.쌍용.그대가센트럴파크아파트,203000155,6464,5031,1433,9674,9674,0,127.0554494,37.24251212
용남고속,34,일반형시내버스,살구골현대아파트.영통역4번출구,203000156,4007,3367,640,4576,4576,0,127.0705274,37.25030912
용남고속,34,일반형시내버스,살구골동아아파트,203000157,13186,11816,1370,2408,2408,0,127.0680567,37.24774258
용남고속,37,일반형시내버스,영통입구,203000158,2972,1928,1044,885,885,0,127.0831082,37.26877392
수원여객,80,일반형시내버스,매탄주공4단지.매탄1동주민센터,203000159,11136,10090,1046,17459,17459,0,127.041795,37.26882064
수원여객,80,일반형시내버스,삼성2차아파트,203000160,15368,14930,438,8623,8623,0,127.0424606,37.2694241
수원여객,80,일반형시내버스,자유총연맹,203000161,6522,5915,607,5090,5090,0,127.0400902,37.2640277
수원여객,80,일반형시내버스,경기도문화의전당.두산위브아파트,203000162,9090,8026,1064,5474,5474,0,127.0389615,37.26138803
수원여객,83_1,일반형시내버스,임광아파트,203000163,9637,9294,343,3200,3200,0,127.0376975,37.25844204
수원여객,83_1,일반형시내버스,경기소방본부,203000164,10747,10486,261,2101,2101,0,127.0365126,37.25560413
수원여객,7_2,일반형시내버스,경기대수원캠퍼스후문.수원박물관,203000165,9405,6414,2991,14285,14285,0,127.0397929,37.29710546
수원여객,7_2,일반형시내버스,경기대수원캠퍼스후문.수원박물관,203000166,11300,8562,2738,5731,5731,0,127.0394665,37.29677002
수원여객,7_2,일반형시내버스,경기남부지방경찰청.봉녕사입구,203000167,2186,1831,355,4282,4282,0,127.0349728,37.29367307
오산교통,8,일반형시내버스,교통공원,203000168,155,114,41,1332,1332,0,127.0654094,37.24620797
오산교통,202,일반형시내버스,수원정보과학고.원천중학교,203000169,11,9,2,498,498,0,127.0507118,37.2755918
수원여객,7,일반형시내버스,아주대병원,203000170,3612,3140,472,7110,7110,0,127.0471673,37.2779514
수원여객,7,일반형시내버스,아주대병원,203000171,10069,9360,709,3537,3537,0,127.0469003,37.27835223
오산교통,202,일반형시내버스,수원정보과학고.원천중학교,203000172,683,469,214,91,91,0,127.0503505,37.27641081
용남고속,34,일반형시내버스,원천주공2단지,203000174,2435,1043,1392,2428,2428,0,127.0624837,37.2694245
용남고속,37,일반형시내버스,광교호수공원입구.원천교사거리,203000175,723,604,119,1827,1827,0,127.05907140000002,37.270789
용남고속,37,일반형시내버스,남부경찰서.매원초교.성일아파트,203000176,366,325,41,554,554,0,127.0555515,37.27208745
오산교통,201,일반형시내버스,KT동수원지사,203000177,941,703,238,2968,2968,0,127.0514317,37.27323031
수원여객,80,일반형시내버스,구법원사거리,203000178,17324,7196,10128,16498,16498,0,127.0465362,37.27378622
수원여객,80,일반형시내버스,아주대삼거리,203000179,21544,11919,9625,19646,19646,0,127.0447182,37.27429789
수원여객,7_2,일반형시내버스,영통뜨란채아파트,203000183,570,566,4,283,283,0,127.0649456,37.24371147
용남고속,34,일반형시내버스,광교더샵주상복합,203000188,20,8,12,312,312,0,127.0618955,37.27045074
용남고속,34,일반형시내버스,광교더샵주상복합,203000189,172,149,23,45,45,0,127.0626346,37.27122857
수원여객,7_2,일반형시내버스,영일중학교.수원출입국외국인청,203000205,25,24,1,441,441,0,127.0753028,37.2488199
용남고속,37,일반형시내버스,광교호반베르디움,203000211,1923,1875,48,307,307,0,127.0577797,37.27166368
수원여객,98,일반형시내버스,매원중학교,203000216,1888,1835,53,773,773,0,127.04554509999998,37.26581666
수원여객,64,일반형시내버스,망포고등학교,203000217,1090,1061,29,262,262,0,127.0460995,37.23409991
수원여객,64,일반형시내버스,망포고등학교,203000218,325,309,16,1211,1211,0,127.045705,37.23462655
용남고속,2_1,일반형시내버스,망포늘푸른벽산아파트후문,203000219,646,623,23,311,311,0,127.0601971,37.24143668
수원여객,7_2,일반형시내버스,센트럴하이츠아파트,203000220,380,373,7,817,817,0,127.060089,37.24160605
오산교통,8,일반형시내버스,영통아이파크캐슬1단지,203000221,1109,878,231,759,759,0,127.0463201,37.24192882
오산교통,8,일반형시내버스,힐스테이트영통,203000224,530,517,13,1515,1515,0,127.0467707,37.2421784
수원여객,7,일반형시내버스,광교두산위브.아주대병원후문,203000228,792,778,14,1910,1910,0,127.0504184,37.2807825
수원여객,7,일반형시내버스,광교두산위브.아주대병원후문,203000235,1761,1743,18,1573,1573,0,127.050577,37.28074783
수원여객,92_1,일반형시내버스,디지털엠파이어2,203000236,1273,1207,66,782,782,0,127.0490741,37.24686078
오산교통,8,일반형시내버스,박지성삼거리,203000246,168,153,15,1105,1105,0,127.04580590000002,37.23872428
수원여객,64,일반형시내버스,박지성삼거리,203000247,1846,1806,40,519,519,0,127.0461154,37.23731934
오산교통,8,일반형시내버스,영통주공9단지,203000257,2136,1528,608,2937,2937,0,127.0651505,37.2466173
수원여객,82_1,일반형시내버스,구매탄시장입구.현대힐스테이트아파트,203000258,3602,2658,944,6917,6917,0,127.0420502,37.27518576
수원여객,92_1,일반형시내버스,매탄위브하늘채,203000259,4410,2221,2189,7319,7319,0,127.0423076,37.26475237
수원여객,7_2,일반형시내버스,광교중앙역.광교고등학교,203000266,6743,5182,1561,1479,1479,0,127.0495958,37.29030968
수원여객,7_2,일반형시내버스,광교중앙역.광교고등학교,203000267,744,627,117,6247,6247,0,127.0494735,37.29000056
수원여객,7_2,일반형시내버스,산의초등학교.광교삼성래미안,203000272,3831,3581,250,1625,1625,0,127.0598947,37.29073573
수원여객,7_2,일반형시내버스,산의초등학교.광교삼성래미안,203000273,2653,2568,85,4351,4351,0,127.0598585,37.29056666
수원여객,7,일반형시내버스,광교센트럴타운60단지.힐스테이트레이크,203000274,1016,983,33,1449,1449,0,127.0611636,37.28912459
수원여객,7,일반형시내버스,광교센트럴타운60단지.힐스테이트레이크,203000275,818,749,69,248,248,0,127.0607303,37.28910422
수원여객,7,일반형시내버스,수원컨벤션센터.롯데아울렛,203000276,600,548,52,3462,3462,0,127.0574817,37.28598241
수원여객,7,일반형시내버스,수원컨벤션센터.롯데아울렛,203000277,6581,6328,253,986,986,0,127.0578015,37.28661512
수원여객,7_2,일반형시내버스,원천호수사거리.광교센트럴타운62단지,203000278,2376,2329,47,1952,1952,0,127.064337,37.28793497
수원여객,7_2,일반형시내버스,원천호수사거리.힐스테이트광교,203000279,838,824,14,474,474,0,127.0645078,37.28771861
수원여객,7_2,일반형시내버스,수원고등법원.수원고등검찰청.광교호수공원,203000280,2082,1999,83,1486,1486,0,127.07007620000002,37.28987705
수원여객,7_2,일반형시내버스,수원고등법원.수원고등검찰청.광교호수공원,203000281,143,135,8,249,249,0,127.0700088,37.28966397
수원여객,7_2,일반형시내버스,이의초중고교.광교참누리레이크아파트,203000282,721,704,17,346,346,0,127.0720718,37.29203576
수원여객,7_2,일반형시내버스,이의초중고교.광교참누리레이크아파트,203000283,2920,2853,67,2423,2423,0,127.0718961,37.29222734
수원여객,7,일반형시내버스,광교휴먼시아32단지정문,203000284,2092,2008,84,582,582,0,127.0661118,37.29224737
수원여객,7,일반형시내버스,광교휴먼시아32단지정문,203000285,1941,1864,77,2624,2624,0,127.0677502,37.29281379
수원여객,7,일반형시내버스,상현역,203000286,7336,2741,4595,11152,11152,0,127.0693488,37.29693223
수원여객,7,일반형시내버스,상현역,203000287,5635,2676,2959,3070,3070,0,127.0690374,37.29705484
오산교통,201,일반형시내버스,광교호반베르디움,203000290,621,593,28,1668,1668,0,127.0537588,37.27413123
오산교통,201,일반형시내버스,광교호반베르디움,203000291,79,66,13,169,169,0,127.05403359999998,37.27408619
오산교통,201,일반형시내버스,국토지리정보원.중앙기독초등학교,203000292,139,136,3,506,506,0,127.0555935,37.27408415
오산교통,201,일반형시내버스,국토지리정보원.중앙기독초등학교,203000293,973,959,14,213,213,0,127.0555525,37.27392808
수원여객,7,일반형시내버스,광교에듀타운입구.아주대.한국자산관리공사,203000296,1027,1006,21,1148,1148,0,127.0498628,37.27841233
수원여객,7,일반형시내버스,광교에듀타운입구.아주대.한국자산관리공사,203000297,1220,1188,32,1145,1145,0,127.0500436,37.27838171
수원여객,7,일반형시내버스,신풍초등학교.자연앤자이,203000300,841,800,41,7213,7213,0,127.0537466,37.28535087
수원여객,7,일반형시내버스,신풍초등학교.자연앤자이,203000301,3929,3773,156,465,465,0,127.0534917,37.2853649
용남고속,34,일반형시내버스,광교호수공원.제1주차장,203000308,2,2,0,200,200,0,127.0667245,37.27544967
용남고속,34,일반형시내버스,광교호수공원.제1주차장,203000309,192,186,6,12,12,0,127.0665596,37.27591157
용남고속,34,일반형시내버스,광교호반마을21단지,203000310,5,4,1,228,228,0,127.0675136,37.2782807
용남고속,34,일반형시내버스,광교호반마을21단지,203000311,108,95,13,4,4,0,127.0675286,37.27919754
용남고속,34,일반형시내버스,광교호수공원.제2주차장,203000312,456,420,36,5,5,0,127.0705051,37.28150183
용남고속,34,일반형시내버스,광교한양수자인,203000313,14,14,0,361,361,0,127.0709455,37.28143403
수원여객,7,일반형시내버스,광교휴먼시아32단지,203000314,2526,2134,392,575,575,0,127.0682572,37.29420834
용남고속,3002,직행좌석형시내버스,광교해모로아파트,203000319,466,426,40,629,629,0,127.05161509999998,37.30590246
용남고속,3002,직행좌석형시내버스,광교해모로아파트,203000320,715,687,28,368,368,0,127.051874,37.30594209
수원여객,7_2,일반형시내버스,연무중학교.써밋플레이스광교,203000321,884,770,114,1411,1411,0,127.051547,37.29121676
수원여객,7_2,일반형시내버스,연무중학교.써밋플레이스광교,203000322,1734,1642,92,1008,1008,0,127.0514436,37.29104133
수원여객,7_2,일반형시내버스,광교카페거리.대림e편한세상,203000325,4177,3895,282,1537,1537,0,127.053464,37.29312902
수원여객,7_2,일반형시내버스,광교카페거리.대림e편한세상,203000326,1316,1204,112,2732,2732,0,127.0533751,37.29300991
수원여객,7_2,일반형시내버스,광교오드카운티,203000327,676,626,50,1825,1825,0,127.0573259,37.29331897
수원여객,7_2,일반형시내버스,광교오드카운티,203000328,2373,2300,73,771,771,0,127.0577332,37.29296736
수원여객,92_1,일반형시내버스,매탄삼성1차아파트,203000329,5275,4565,710,2845,2845,0,127.0423211,37.26499265
용남고속,2_1,일반형시내버스,황골쌍용아파트,203000332,615,574,41,2526,2526,0,127.0822587,37.26365064
오산교통,202,일반형시내버스,수원나누리병원,203000334,314,248,66,47,47,0,127.0502031,37.27452926
용남고속,2_1,일반형시내버스,원천주공2단지,203000335,868,791,77,661,661,0,127.0632148,37.26859376
용남고속,3007,직행좌석형시내버스,광교역사공원.광교카페거리,203000338,77,54,23,868,868,0,127.052972,37.29513646
용남고속,3002,직행좌석형시내버스,수원광교박물관,203000339,89,82,7,209,209,0,127.0495795,37.2964704
용남고속,3002,직행좌석형시내버스,수원광교박물관,203000340,154,146,8,123,123,0,127.049332,37.29641748
수원여객,64,일반형시내버스,망포역4번출구.영통2동주민센터,203000345,23448,8486,14962,28468,28468,0,127.0554899,37.24595372
수원여객,64,일반형시내버스,망포역3번출구.망포그대가프리미어.골든스퀘어,203000346,7662,2329,5333,23609,23609,0,127.0550237,37.24553515
수원여객,7,일반형시내버스,경기중앙지방변호사회관,203000351,1150,1105,45,3465,3465,0,127.06629,37.29205097
오산교통,201,일반형시내버스,광교에일린의뜰.광교호수공원,203000352,216,209,7,341,341,0,127.059965,37.27885541
오산교통,201,일반형시내버스,광교에일린의뜰.광교호수공원,203000353,291,287,4,195,195,0,127.06018590000002,37.27888261
수원여객,7_2,일반형시내버스,동수원세무소.영통역2번출구,203000354,718,667,51,207,207,0,127.0727346,37.25068066
용남고속,2_1,일반형시내버스,훼미리타워,203000355,6161,5487,674,18066,18066,0,127.0745868,37.2552147
수원여객,98,일반형시내버스,망포역1번출구,203000358,968,462,506,4139,4139,0,127.0583293,37.24570508
수원여객,7,일반형시내버스,수원시동부차고지,203000359,416,270,146,709,709,0,127.0785259,37.28688019
수원여객,7,일반형시내버스,수원시동부차고지,203000360,456,255,201,143,143,0,127.0785387,37.28698688
수원여객,7,일반형시내버스,동부차고지,203000374,87,52,35,2,2,0,127.0780852,37.28669727
수원여객,92_1,일반형시내버스,신동단독택지,203000384,2214,1878,336,1717,1717,0,127.0433476,37.25026585
수원여객,92_1,일반형시내버스,신동단독택지,203000385,288,282,6,549,549,0,127.0436037,37.25053007
수원여객,7_2,일반형시내버스,광교센트럴타운62단지.힐스테이트레이크,203000390,1808,1760,48,517,517,0,127.0632277,37.28878467
수원여객,7_2,일반형시내버스,광교센트럴타운62단지.힐스테이트레이크,203000391,172,158,14,317,317,0,127.0622695,37.28918546
수원여객,7_2,일반형시내버스,광교2동주민센터,203000395,129,120,9,116,116,0,127.0702693,37.29301041
수원여객,7_2,일반형시내버스,광교2동주민센터,203000396,113,109,4,166,166,0,127.0703426,37.2929347
수원여객,7,일반형시내버스,광교휴먼시아32단지.이의고교,203000397,127,117,10,747,747,0,127.068596,37.29427223
수원여객,81,일반형시내버스,광교중앙.아주대역환승센터,203000399,7016,3361,3655,18364,18364,0,127.0519166,37.28849864
수원여객,81,일반형시내버스,광교중앙.아주대역환승센터,203000400,20201,7146,13055,8124,8124,0,127.0516618,37.28832822
수원여객,7,일반형시내버스,광교체육센터.다산중학교,203000402,216,211,5,2831,2831,0,127.0518305,37.28342532
수원여객,7,일반형시내버스,광교체육센터.다산중학교,203000403,1879,1831,48,450,450,0,127.0517273,37.28359926
수원여객,7_2,일반형시내버스,영통SK뷰아파트.라온프라이빗아파트,203000404,286,280,6,106,106,0,127.0622769,37.24394345
수원여객,7_2,일반형시내버스,영통SK뷰아파트.라온프라이빗아파트,203000405,103,100,3,596,596,0,127.0622817,37.24401924
오산교통,201,일반형시내버스,수원컨벤션센터.광교갤러리아백화점.중흥s클래스,203000433,789,757,32,232,232,0,127.0568616,37.28448794
오산교통,201,일반형시내버스,수원컨벤션센터.광교갤러리아백화점.중흥s클래스,203000434,243,239,4,1118,1118,0,127.0571408,37.28449129
오산교통,8,일반형시내버스,살구골.서광아파트,203000450,10991,9358,1633,1651,1651,0,127.0731418,37.24734091
용남고속,34,일반형시내버스,흥덕IT밸리,228001883,1205,600,605,57,57,0,127.06820559999998,37.26917065
오산교통,46,일반형시내버스,국립축산과학원,233000592,3,2,1,37,37,0,126.9659014,37.23613526
수원여객,64,일반형시내버스,한일타운.경기일보.홈플러스,200000080,25,21,4,19,19,0,127.0066358,37.3034669
수원여객,64,일반형시내버스,정자초교사거리,200000134,11,6,5,14,14,0,126.996736,37.30053486
수원여객,64,일반형시내버스,연세수요양병원.송죽희성연인아파트,200000153,13,7,6,13,13,0,127.001016,37.30440923
수원여객,64,일반형시내버스,만석공원테니스장,200000154,0,0,0,6,6,0,127.0000686,37.30303065
수원여객,64,일반형시내버스,만석공원.만석거삼거리,200000155,2,1,1,6,6,0,126.9986474,37.30239990000001
수원여객,64,일반형시내버스,온누리교회,200000156,13,12,1,12,12,0,127.0007566,37.30445428
수원여객,64,일반형시내버스,경기일보.한일타운,200000194,49,39,10,21,21,0,127.0049168,37.30405845
수원여객,64,일반형시내버스,장안지하차도.수원KT위즈파크,200000200,51,44,7,22,22,0,127.0081737,37.30205268
수원여객,64,일반형시내버스,정자초교사거리,200000265,8,7,1,11,11,0,126.9970411,37.30116518
용남고속,123D,맞춤형시내버스,입북동삼거리,201000185,1,1,0,0,0,0,126.9604598,37.29225241
용남고속,123D,맞춤형시내버스,웅비아파트,201000312,0,0,0,1,1,0,126.9580408,37.29765626
용남고속,123D,맞춤형시내버스,대명고등학교,201000396,0,0,0,2,2,0,126.9414658,37.29383268
수원여객,64,일반형시내버스,팔달문.이안과,202000029,16,11,5,20,20,0,127.0168244,37.27997087
수원여객,64,일반형시내버스,팔달문,202000047,4,1,3,7,7,0,127.0162585,37.27738072
용남고속,123D,맞춤형시내버스,서수원레이크푸르지오1단지,201000459,1,1,0,1,1,0,126.9528795,37.2997657
수원여객,64,일반형시내버스,장안문.수원전통문화관,202000230,2206,1269,937,3719,3719,0,127.0153265,37.28677526
수원여객,64,일반형시내버스,팔달구청.화성행궁.수원성지,202000231,2791,1313,1478,3442,3442,0,127.0162619,37.28390086
용남고속,2_1,일반형시내버스,화서오거리,202000232,2152,2095,57,612,612,0,126.99903729999998,37.27907114
용남고속,2_1,일반형시내버스,블루밍푸른숲아파트,202000233,3626,3582,44,539,539,0,126.9966511,37.28135833
용남고속,2_1,일반형시내버스,숙지공원.화서동굿모닝힐.화서다산도서관,202000234,632,624,8,144,144,0,126.99550320000002,37.284573
수원여객,92,일반형시내버스,화서역.화서2동주민센터,202000235,4310,1227,3083,5133,5133,0,126.9868071,37.28473876
용남고속,2_1,일반형시내버스,현대모닝아파트,202000236,238,224,14,45,45,0,126.98580359999998,37.28661284
용남고속,2_1,일반형시내버스,진흥아파트,202000237,364,349,15,33,33,0,126.9851632,37.28908538
수원여객,92,일반형시내버스,화서역.화서2동주민센터,202000240,3942,712,3230,5752,5752,0,126.986583,37.2850084
용남고속,2_1,일반형시내버스,숙지공원.화서동굿모닝힐.화서다산도서관,202000241,133,122,11,737,737,0,126.9958225,37.28431556
용남고속,2_1,일반형시내버스,블루밍푸른숲아파트,202000242,716,692,24,3252,3252,0,126.9970658,37.28108743
용남고속,2_1,일반형시내버스,화서오거리,202000243,592,462,130,2619,2619,0,126.9991798,37.27865158
용남고속,2_1,일반형시내버스,황제연립,202000244,145,141,4,1790,1790,0,126.9959986,37.27739620000001
수원여객,7,일반형시내버스,율현중학교.녹색교통회관.꽃뫼버들코오롱아파트,202000245,4807,4511,296,3381,3381,0,126.9807202,37.28583968
수원여객,7,일반형시내버스,엘지아파트.금강아파트,202000246,1848,1778,70,1319,1319,0,126.9817138,37.28799446
수원여객,7,일반형시내버스,엘지아파트.금강아파트,202000247,2321,2135,186,3027,3027,0,126.98210159999998,37.28789727
수원여객,7_2,일반형시내버스,화성행궁.여민각,202000248,19,19,0,100,100,0,127.0173603,37.28192703
용남고속,2_1,일반형시내버스,진흥.천천푸르지오아파트,202000250,779,726,53,368,368,0,126.9842544,37.29015677
수원여객,92,일반형시내버스,화서푸르지오,202000251,509,450,59,562,562,0,126.9854541,37.28619832
수원여객,64,일반형시내버스,화성행궁,202000252,2400,1662,738,3833,3833,0,127.0158561,37.28438747
수원여객,64,일반형시내버스,수원전통문화관.장안동,202000253,5106,2423,2683,4539,4539,0,127.0151122,37.28667617
수원여객,92,일반형시내버스,현대모닝아파트,202000254,556,501,55,1162,1162,0,126.9848113,37.28646854
수원여객,7,일반형시내버스,율현중학교.녹색교통회관.꽃뫼버들코오롱아파트,202000255,4420,4042,378,4119,4119,0,126.980807,37.2856076
용남고속,2_1,일반형시내버스,황제연립,202000259,1727,1715,12,183,183,0,126.9965243,37.27777285
용남고속,2_1,일반형시내버스,쌍우물택시쉼터,202000260,468,446,22,462,462,0,126.9959185,37.27390899
용남고속,2_1,일반형시내버스,쌍우물택시쉼터,202000261,3,1,2,130,130,0,126.9960353,37.27451708
용남고속,123D,맞춤형시내버스,구운사거리.농수산물유통센터,201000028,0,0,0,1,1,0,126.9685045,37.28559316
용남고속,123D,맞춤형시내버스,당수동,201000372,0,0,0,1,1,0,126.944845,37.29404131
용남고속,19,일반형시내버스,여기산공원.코오롱아파트(마을),201000575,8,8,0,155,155,0,126.9825086,37.28368558
용남고속,19,일반형시내버스,코오롱아파트.여기산공원(마을),202000125,10,10,0,157,157,0,126.982725,37.28400097
용남고속,123D,맞춤형시내버스,입북동입구,201000078,1,1,0,0,0,0,126.9609189,37.29198538
오산교통,46,일반형시내버스,고색초교.태산아파트,201000018,174,93,81,185,185,0,126.9796907,37.25064258
오산교통,46,일반형시내버스,신병원.대원.거산아파트,201000019,106,92,14,253,253,0,126.9838196,37.25183995
오산교통,46,일반형시내버스,신병원.대원.거산아파트,201000022,420,386,34,59,59,0,126.984994,37.25186522
오산교통,46,일반형시내버스,고색초교.태산아파트,201000023,297,239,58,145,145,0,126.9799297,37.25043052
오산교통,46,일반형시내버스,수원여자대학교입구,201000024,290,266,24,44,44,0,126.9668655,37.2467921
오산교통,46,일반형시내버스,고색파출소.종합공구단지,201000064,20,18,2,116,116,0,126.9867233,37.25265616
용남고속,123D,맞춤형시내버스,당수동삼정아파트,201000183,1,1,0,0,0,0,126.9438997,37.29140257
오산교통,46,일반형시내버스,고색동입구,201000341,19,17,2,8,8,0,126.9901461,37.25328047
오산교통,46,일반형시내버스,서수원주민편익시설,201000365,30,19,11,69,69,0,126.9727555,37.24838346
오산교통,46,일반형시내버스,고색동입구,201000389,5,5,0,38,38,0,126.9899781,37.25355075
오산교통,46,일반형시내버스,중보교.수원역자동차운전전문학원,201000390,6,5,1,18,18,0,126.9946107,37.25576928
오산교통,46,일반형시내버스,서수원주민편익시설,201000488,27,22,5,58,58,0,126.972375,37.24860669
오산교통,46,일반형시내버스,중보교.수원역자동차운전전문학원,201000492,31,25,6,8,8,0,126.9949042,37.25562313
오산교통,46,일반형시내버스,수원역환승센터(3승강장),201000589,959,433,526,218,218,0,126.9991544,37.26525343
오산교통,46,일반형시내버스,팔달문,202000097,16,12,4,1175,1175,0,127.0170692,37.27715772
오산교통,46,일반형시내버스,수영오거리.방송통신대입구,233000001,39,25,14,96,96,0,126.9624419,37.23773523
수원여객,80,일반형시내버스,권선2동성당,201000014,35,28,7,120,120,0,127.0226229,37.23473657
수원여객,64,일반형시내버스,이목동.장안힐스테이트,200000151,210,191,19,186,186,0,126.9854597,37.31347227
수원여객,64,일반형시내버스,이목동.장안STX칸,200000152,493,452,41,292,292,0,126.9838514,37.3154544
용남고속,123D,맞춤형시내버스,큰갓띠,201000371,1,1,0,0,0,0,126.9513138,37.29466667
수원여객,64,일반형시내버스,매교역7번출구.문화맨션,202000101,1135,249,886,207,207,0,127.0162767,37.26633925
수원여객,64,일반형시내버스,매교역6번출구.문화맨션,202000102,345,300,45,934,934,0,127.0162735,37.26680285
수원여객,64,일반형시내버스,수원중고교.연향아파트,202000209,79,68,11,121,121,0,127.0172512,37.26932202
수원여객,64,일반형시내버스,수원고교,202000210,65,55,10,248,248,0,127.0173104,37.26846111
수원여객,64,일반형시내버스,잠원중학교,203000007,62,59,3,569,569,0,127.0479407,37.2385774
수원여객,64,일반형시내버스,잠원초등학교,203000008,480,321,159,993,993,0,127.0536699,37.23932018
수원여객,64,일반형시내버스,잠원초등학교,203000016,280,272,8,362,362,0,127.0530828,37.23912711
수원여객,64,일반형시내버스,벽산e빌리지,203000017,502,496,6,89,89,0,127.0473955,37.23829644
